,rt,serialno,division,sporder,puma,region,st,adjinc,pwgtp,agep,cit,citwp,cow,ddrs,dear,deye,dout,dphy,drat,dratx,drem,eng,fer,gcl,gcm,gcr,hins1,hins2,hins3,hins4,hins5,hins6,hins7,intp,jwmnp,jwrip,jwtr,lanx,mar,marhd,marhm,marht,marhw,marhyp,mig,mil,mlpa,mlpb,mlpcd,mlpe,mlpfg,mlph,mlpi,mlpj,mlpk,nwab,nwav,nwla,nwlk,nwre,oip,pap,relp,retp,sch,schg,schl,semp,sex,ssip,ssp,wagp,wkhp,wkl,wkw,wrk,yoep,anc,anc1p,anc2p,decade,dis,drivesp,esp,esr,fod1p,fod2p,hicov,hisp,indp,jwap,jwdp,lanp,migpuma,migsp,msp,naicsp,nativity,nop,oc,occp,paoc,pernp,pincp,pobp,povpip,powpuma,powsp,privcov,pubcov,qtrbir,rac1p,rac2p,rac3p,racaian,racasn,racblk,racnh,racnum,racpi,racsor,racwht,rc,sciengp,sciengrlp,sfn,sfr,socp,vps,waob,fagep,fancp,fcitp,fcitwp,fcowp,fddrsp,fdearp,fdeyep,fdisp,fdoutp,fdphyp,fdratp,fdratxp,fdremp,fengp,fesrp,fferp,ffodp,fgclp,fgcmp,fgcrp,fhicovp,fhins1p,fhins2p,fhins3c,fhins3p,fhins4c,fhins4p,fhins5c,fhins5p,fhins6p,fhins7p,fhisp,findp,fintp,fjwdp,fjwmnp,fjwrip,fjwtrp,flanp,flanxp,fmarp,fmarhdp,fmarhmp,fmarhtp,fmarhwp,fmarhyp,fmigp,fmigsp,fmilpp,fmilsp,foccp,foip,fpap,fpernp,fpincp,fpobp,fpowsp,fprivcovp,fpubcovp,fracp,frelp,fretp,fschgp,fschlp,fschp,fsemp,fsexp,fssip,fssp,fwagp,fwkhp,fwklp,fwkwp,fwrkp,fyoep,pwgtp1,pwgtp2,pwgtp3,pwgtp4,pwgtp5,pwgtp6,pwgtp7,pwgtp8,pwgtp9,pwgtp10,pwgtp11,pwgtp12,pwgtp13,pwgtp14,pwgtp15,pwgtp16,pwgtp17,pwgtp18,pwgtp19,pwgtp20,pwgtp21,pwgtp22,pwgtp23,pwgtp24,pwgtp25,pwgtp26,pwgtp27,pwgtp28,pwgtp29,pwgtp30,pwgtp31,pwgtp32,pwgtp33,pwgtp34,pwgtp35,pwgtp36,pwgtp37,pwgtp38,pwgtp39,pwgtp40,pwgtp41,pwgtp42,pwgtp43,pwgtp44,pwgtp45,pwgtp46,pwgtp47,pwgtp48,pwgtp49,pwgtp50,pwgtp51,pwgtp52,pwgtp53,pwgtp54,pwgtp55,pwgtp56,pwgtp57,pwgtp58,pwgtp59,pwgtp60,pwgtp61,pwgtp62,pwgtp63,pwgtp64,pwgtp65,pwgtp66,pwgtp67,pwgtp68,pwgtp69,pwgtp70,pwgtp71,pwgtp72,pwgtp73,pwgtp74,pwgtp75,pwgtp76,pwgtp77,pwgtp78,pwgtp79,pwgtp80
0,P,2013000121584,9,02,11611,4,53,1061971,19.0,18.0,1.0,,1,2,2,2,2,2,,,2,,,,,,2,2,2,1,2,2,2,0.0,,,,2,5,,,,,,1,4,,,,,,,,,,2,5,2,2,3,0.0,0.0,02,0.0,1,,15,0.0,1,0.0,0.0,0.0,,2,,2,,4,999,999,,2,,,6,,,1,01,3895,,,,,,6,337     ,1,,0,9130,,0.0,0.0,053,90.0,,,2,1,2,1,01,001,0,0,0,0,1,0,0,1,0,,,,,533030,,1,0,0,0,0,0,0,0,0,0,0,0,0,0,0,0,0,0,0,0,0,0,0,0,0,,0,0,0,,0,0,0,0,0,0,0,0,0,0,0,0,0,0,0,0,0,0,0,0,0,0,0,0,0,0,0,0,0,0,0,0,0,0,0,0,0,0,0,0,0,0,0,0,0,0,0,18.0,39.0,15.0,21.0,35.0,23.0,30.0,7.0,6.0,21.0,15.0,24.0,31.0,23.0,6.0,22.0,7.0,6.0,29.0,16.0,23.0,23.0,21.0,20.0,21.0,17.0,29.0,4.0,6.0,19.0,25.0,22.0,28.0,15.0,5.0,21.0,6.0,5.0,30.0,17.0,22.0,32.0,21.0,26.0,32.0,20.0,32.0,9.0,8.0,14.0,22.0,18.0,31.0,18.0,7.0,27.0,5.0,9.0,27.0,23.0,16.0,23.0,17.0,19.0,33.0,18.0,32.0,5.0,6.0,20.0,17.0,21.0,32.0,17.0,5.0,12.0,7.0,4.0,30.0,21.0
1,P,2013000413288,9,03,11610,4,53,1061971,38.0,18.0,1.0,,,2,2,2,2,2,,,2,,2,,,,2,2,2,2,2,2,2,0.0,,,,2,5,,,,,,1,4,,,,,,,,,,2,5,2,2,3,0.0,0.0,02,0.0,1,,16,0.0,2,0.0,0.0,0.0,,3,,2,,2,050,032,,2,,,6,,,2,01,,,,,,,6,,1,,0,,4,0.0,0.0,053,248.0,,,2,2,1,1,01,001,0,0,0,0,1,0,0,1,0,,,,,,,1,0,0,0,0,0,0,0,0,0,0,0,0,0,0,0,0,0,0,0,0,0,0,0,0,,0,,0,,0,0,0,0,0,0,0,0,0,0,0,0,0,0,0,0,0,0,0,0,0,0,0,0,0,0,0,0,0,0,0,0,0,0,0,0,0,0,0,0,0,0,0,0,0,0,0,42.0,32.0,40.0,14.0,10.0,82.0,11.0,42.0,35.0,38.0,56.0,70.0,51.0,34.0,17.0,65.0,23.0,20.0,34.0,78.0,9.0,55.0,82.0,31.0,42.0,28.0,33.0,15.0,47.0,32.0,55.0,39.0,11.0,63.0,34.0,30.0,14.0,42.0,18.0,37.0,36.0,48.0,28.0,63.0,70.0,13.0,58.0,30.0,26.0,13.0,14.0,11.0,37.0,62.0,76.0,15.0,43.0,56.0,34.0,11.0,58.0,13.0,9.0,49.0,46.0,36.0,31.0,61.0,15.0,39.0,33.0,59.0,55.0,9.0,33.0,27.0,63.0,31.0,63.0,38.0
2,P,2013000204235,9,03,11613,4,53,1061971,17.0,17.0,1.0,,,2,2,2,2,2,,,2,,,,,,2,2,2,2,1,2,2,0.0,,,,2,5,,,,,,1,4,,,,,,,,,,2,5,2,2,3,0.0,0.0,02,0.0,1,,13,0.0,1,0.0,0.0,0.0,,3,,2,,2,032,088,,2,,7,6,,,1,01,,,,,,,6,,1,7,1,,,0.0,0.0,037,169.0,,,1,2,2,1,01,001,0,0,0,0,1,0,0,1,1,,,,,,,1,0,0,0,0,0,0,0,0,0,0,0,0,0,0,0,0,0,0,0,0,0,0,0,0,,0,,0,0,0,0,0,0,0,0,0,0,0,0,0,0,0,0,0,0,0,0,0,0,0,0,0,0,0,0,0,0,0,0,0,0,0,0,0,0,0,0,0,0,0,0,0,0,0,0,0,18.0,5.0,7.0,29.0,26.0,5.0,18.0,26.0,5.0,5.0,17.0,19.0,32.0,13.0,17.0,19.0,14.0,32.0,18.0,18.0,17.0,25.0,27.0,5.0,5.0,23.0,15.0,4.0,27.0,25.0,15.0,20.0,5.0,18.0,16.0,17.0,20.0,5.0,21.0,14.0,18.0,7.0,6.0,25.0,31.0,5.0,16.0,26.0,5.0,6.0,16.0,19.0,29.0,17.0,17.0,17.0,15.0,26.0,18.0,16.0,19.0,27.0,25.0,4.0,4.0,29.0,16.0,5.0,28.0,25.0,20.0,19.0,5.0,17.0,17.0,15.0,15.0,5.0,20.0,19.0
3,P,2013000303198,9,04,11613,4,53,1061971,10.0,16.0,5.0,,,2,2,2,2,2,,,2,1,,,,,2,2,2,1,2,2,2,0.0,,,,1,5,,,,,,3,,,,,,,,,,,2,5,2,2,3,0.0,0.0,02,0.0,1,,15,0.0,1,0.0,0.0,0.0,,3,,2,2003.0,1,102,999,7,2,,2,6,,,1,01,,,,1250,11600,053,6,,2,4,1,,,0.0,0.0,160,106.0,,,2,1,2,1,01,001,0,0,0,0,1,0,0,1,1,,,,,,,5,0,0,0,0,0,0,0,0,1,1,0,0,0,0,0,0,0,0,0,0,0,0,0,0,,0,0,0,,0,0,0,1,0,0,0,0,0,0,0,0,0,0,0,0,0,0,1,1,0,0,0,0,0,0,0,0,0,0,0,0,0,0,0,0,0,0,0,0,0,0,0,0,0,0,0,11.0,9.0,21.0,17.0,3.0,19.0,12.0,10.0,3.0,3.0,3.0,12.0,11.0,14.0,3.0,11.0,15.0,11.0,11.0,18.0,18.0,15.0,10.0,9.0,9.0,8.0,3.0,17.0,9.0,9.0,9.0,3.0,17.0,11.0,10.0,3.0,11.0,3.0,4.0,9.0,10.0,15.0,3.0,3.0,19.0,3.0,10.0,9.0,16.0,18.0,16.0,12.0,10.0,3.0,18.0,10.0,3.0,9.0,10.0,3.0,3.0,3.0,9.0,8.0,9.0,10.0,16.0,3.0,10.0,9.0,12.0,20.0,3.0,10.0,10.0,16.0,9.0,21.0,20.0,11.0
4,P,2013000360571,9,02,11611,4,53,1061971,23.0,18.0,1.0,,9,2,2,2,2,2,,,2,,2,,,,2,2,2,1,2,2,2,0.0,,,,2,5,,,,,,3,4,,,,,,,,,,2,1,2,1,2,0.0,3900.0,13,0.0,1,,13,0.0,2,0.0,0.0,0.0,,3,,2,,2,939,051,,2,,,3,,,1,01,9920,,,,11900,053,6,9920    ,1,,0,9920,4,0.0,3900.0,053,32.0,,,2,1,4,1,01,001,0,0,0,0,1,0,0,1,0,,,,,999920,,1,0,0,0,0,0,0,0,0,0,0,0,0,0,0,0,0,0,0,0,0,0,0,0,0,,0,0,0,,0,0,0,0,0,0,0,0,0,0,0,0,0,0,0,0,0,0,0,0,0,0,0,0,0,0,0,0,0,0,0,0,0,0,0,0,0,0,0,0,0,0,0,0,0,0,0,8.0,28.0,26.0,6.0,28.0,9.0,29.0,24.0,22.0,16.0,38.0,9.0,22.0,43.0,18.0,35.0,36.0,7.0,39.0,30.0,61.0,21.0,20.0,33.0,23.0,47.0,6.0,6.0,22.0,31.0,27.0,48.0,24.0,6.0,24.0,4.0,10.0,35.0,32.0,20.0,6.0,22.0,27.0,7.0,25.0,8.0,53.0,41.0,27.0,27.0,17.0,6.0,29.0,33.0,19.0,37.0,45.0,7.0,22.0,23.0,36.0,21.0,21.0,33.0,24.0,47.0,6.0,8.0,29.0,27.0,21.0,52.0,25.0,8.0,22.0,11.0,8.0,28.0,20.0,28.0
5,P,2013001071031,9,02,11611,4,53,1061971,45.0,18.0,1.0,,9,2,2,2,2,2,,,2,1,,,,,2,2,2,1,2,2,2,0.0,,,,1,5,,,,,,3,4,,,,,,,,,,2,1,2,1,3,0.0,0.0,02,0.0,1,,17,0.0,1,0.0,0.0,0.0,,3,,2,,2,291,219,,2,,,3,,,1,02,9920,,,1200,03700,006,6,9920    ,1,,0,9920,,0.0,0.0,006,64.0,,,2,1,4,1,01,001,0,0,0,0,1,0,0,1,0,,,,,999920,,1,0,0,0,0,0,0,0,0,0,0,0,0,0,0,0,0,0,0,0,0,0,0,0,0,,0,0,0,,0,0,0,0,0,0,0,0,0,0,0,0,0,0,0,0,0,0,0,0,0,0,0,0,0,0,0,0,0,0,0,0,0,0,0,0,0,0,0,0,0,0,0,0,0,0,0,20.0,94.0,37.0,58.0,57.0,18.0,34.0,13.0,75.0,43.0,19.0,13.0,53.0,61.0,38.0,55.0,60.0,58.0,42.0,10.0,52.0,19.0,40.0,11.0,36.0,92.0,42.0,54.0,18.0,33.0,65.0,73.0,60.0,48.0,32.0,37.0,34.0,17.0,49.0,69.0,24.0,106.0,35.0,68.0,67.0,20.0,36.0,15.0,62.0,52.0,12.0,13.0,43.0,67.0,44.0,48.0,48.0,52.0,49.0,15.0,59.0,13.0,48.0,10.0,49.0,72.0,51.0,51.0,13.0,51.0,53.0,64.0,61.0,46.0,49.0,39.0,35.0,12.0,33.0,96.0
6,P,2013000916904,9,04,11614,4,53,1061971,14.0,17.0,1.0,,,1,2,2,1,1,,,1,,,,,,1,2,2,2,2,2,2,0.0,,,,2,5,,,,,,1,4,,,,,,,,,,2,5,2,2,3,0.0,0.0,02,0.0,1,,01,0.0,1,0.0,9700.0,0.0,,3,,2,,1,939,999,,1,,4,6,,,1,01,,,,,,,6,,1,1,1,,,0.0,9700.0,053,232.0,,,1,2,2,1,01,001,0,0,0,0,1,0,0,1,1,,,,,,,1,0,0,0,0,0,0,0,0,0,0,0,0,0,0,0,0,0,0,0,0,0,0,0,0,,0,,0,,0,0,0,0,0,0,0,0,0,0,0,0,0,0,0,0,0,0,0,0,0,0,0,0,0,0,0,0,0,0,0,0,0,0,0,0,0,0,0,0,0,0,0,0,0,0,0,14.0,4.0,4.0,13.0,13.0,15.0,4.0,22.0,5.0,14.0,21.0,20.0,22.0,13.0,4.0,28.0,14.0,15.0,13.0,4.0,25.0,10.0,16.0,4.0,4.0,23.0,16.0,15.0,14.0,25.0,13.0,12.0,15.0,4.0,12.0,14.0,21.0,3.0,21.0,14.0,12.0,23.0,26.0,12.0,14.0,15.0,27.0,4.0,21.0,16.0,4.0,4.0,4.0,13.0,24.0,5.0,13.0,13.0,16.0,24.0,4.0,13.0,17.0,26.0,24.0,3.0,12.0,15.0,14.0,5.0,13.0,11.0,12.0,22.0,14.0,14.0,4.0,24.0,4.0,13.0
7,P,2014000034248,9,02,11610,4,53,1045195,21.0,18.0,1.0,,1,2,2,2,2,2,,,2,,,,,,2,2,2,1,2,2,2,0.0,,,,2,5,,,,,,1,4,,,,,,,,,,2,5,2,2,3,0.0,0.0,02,0.0,1,,13,0.0,1,0.0,0.0,300.0,6.0,1,6,2,,1,046,999,,2,,,6,,,1,01,0770,,,,,,6,23      ,1,,0,6230,,300.0,300.0,053,105.0,,,2,1,2,1,01,001,0,0,0,0,1,0,0,1,0,,,,,472031,,1,0,0,0,0,0,0,0,0,0,0,0,0,0,0,0,0,0,0,0,0,0,0,0,0,,0,0,0,,0,0,0,0,0,0,0,0,0,0,0,0,0,0,0,0,0,0,0,0,0,0,0,0,0,0,0,0,0,0,0,0,0,0,0,0,0,0,0,0,0,0,1,0,0,0,0,31.0,6.0,17.0,21.0,18.0,9.0,20.0,35.0,18.0,4.0,5.0,17.0,21.0,7.0,31.0,30.0,32.0,45.0,22.0,19.0,35.0,6.0,21.0,24.0,21.0,7.0,23.0,37.0,21.0,8.0,5.0,16.0,30.0,7.0,36.0,19.0,24.0,31.0,16.0,19.0,34.0,6.0,18.0,21.0,17.0,7.0,24.0,26.0,18.0,8.0,6.0,19.0,23.0,6.0,30.0,23.0,31.0,32.0,24.0,20.0,31.0,6.0,19.0,21.0,19.0,8.0,19.0,35.0,21.0,8.0,6.0,15.0,27.0,6.0,37.0,19.0,32.0,39.0,21.0,19.0
8,P,2013001360924,9,05,11611,4,53,1061971,12.0,18.0,1.0,,,2,2,2,2,2,,,2,,,,,,1,2,2,2,2,2,2,0.0,,,,2,5,,,,,,3,4,,,,,,,,,,2,5,2,2,3,0.0,0.0,04,0.0,1,,01,0.0,1,0.0,0.0,0.0,,3,,2,,1,903,999,,2,,,6,,,1,01,,,,,11600,053,6,,1,,0,,,0.0,0.0,053,337.0,,,1,2,2,9,68,029,0,0,0,0,2,0,1,1,0,,,,,,,1,0,0,0,0,0,0,0,0,0,0,0,0,0,0,0,0,0,0,0,0,0,0,0,0,,0,,0,,0,0,0,0,0,0,0,0,0,0,0,0,0,0,0,0,0,0,0,0,0,0,0,0,0,0,0,0,0,0,0,0,0,0,0,0,0,0,0,0,0,0,0,0,0,0,0,3.0,25.0,3.0,13.0,14.0,13.0,10.0,15.0,10.0,22.0,2.0,15.0,12.0,5.0,4.0,14.0,25.0,22.0,10.0,10.0,14.0,9.0,12.0,4.0,13.0,17.0,17.0,16.0,4.0,12.0,17.0,23.0,3.0,9.0,12.0,4.0,12.0,10.0,3.0,17.0,4.0,20.0,4.0,14.0,11.0,13.0,11.0,18.0,16.0,15.0,4.0,11.0,11.0,3.0,5.0,18.0,18.0,31.0,10.0,14.0,11.0,8.0,11.0,3.0,20.0,19.0,19.0,16.0,4.0,13.0,10.0,21.0,3.0,11.0,12.0,2.0,16.0,7.0,3.0,21.0
9,P,2013001377167,9,04,11611,4,53,1061971,109.0,18.0,4.0,2005.0,1,2,2,2,2,2,,,2,1,2,,,,2,2,2,2,2,2,2,0.0,,,,1,5,,,,,,1,4,,,,,,,,,,2,5,2,2,3,0.0,0.0,02,0.0,1,,16,0.0,2,0.0,0.0,0.0,,2,,2,1996.0,1,568,999,6,2,,,6,,,2,01,8680,,,4840,,,6,722Z    ,2,,0,4720,4,0.0,0.0,427,54.0,,,2,2,2,2,02,002,0,0,1,0,1,0,0,0,0,,,,,412010,,6,0,0,0,0,0,0,0,0,0,0,0,0,0,0,0,0,0,0,0,0,0,0,0,0,,0,,0,,0,0,0,0,0,0,0,0,0,0,0,0,0,0,0,0,0,0,0,0,0,0,0,0,0,0,0,0,0,0,0,0,0,0,0,0,0,0,0,0,0,0,0,0,0,0,0,111.0,137.0,104.0,47.0,129.0,127.0,35.0,151.0,120.0,80.0,40.0,107.0,117.0,140.0,138.0,106.0,47.0,173.0,113.0,145.0,33.0,135.0,115.0,132.0,35.0,31.0,118.0,122.0,66.0,169.0,105.0,153.0,176.0,134.0,168.0,40.0,87.0,118.0,83.0,167.0,98.0,42.0,185.0,156.0,145.0,111.0,122.0,30.0,135.0,86.0,115.0,99.0,118.0,36.0,113.0,101.0,170.0,43.0,36.0,126.0,130.0,124.0,48.0,127.0,171.0,128.0,127.0,122.0,175.0,44.0,106.0,51.0,34.0,128.0,43.0,123.0,95.0,109.0,122.0,58.0
10,P,2014000013474,9,02,11613,4,53,1045195,59.0,18.0,5.0,,,2,2,2,1,2,,,2,2,2,,,,2,2,2,2,2,2,2,0.0,,,,1,5,,,,,,2,4,,,,,,,,,,2,5,2,2,3,0.0,0.0,02,0.0,1,,16,0.0,2,0.0,0.0,0.0,,3,,2,2014.0,1,417,999,8,1,,,6,,,2,01,,,,4500,00001,213,6,,2,,0,,4,0.0,0.0,213,0.0,,,2,2,3,1,01,001,0,0,0,0,1,0,0,1,0,,,,,,,4,0,0,0,0,0,0,0,0,0,0,0,0,0,0,0,0,0,0,0,0,0,0,0,0,,0,,0,,0,0,0,0,0,0,0,0,0,0,0,0,0,0,0,0,0,0,0,0,0,0,0,0,0,0,0,0,0,0,0,0,0,0,0,0,0,0,0,0,0,0,0,0,0,0,0,61.0,53.0,87.0,88.0,17.0,81.0,81.0,67.0,16.0,20.0,21.0,58.0,62.0,95.0,22.0,55.0,88.0,52.0,54.0,91.0,118.0,94.0,46.0,53.0,56.0,60.0,19.0,90.0,60.0,71.0,53.0,15.0,123.0,51.0,49.0,19.0,56.0,17.0,18.0,73.0,68.0,53.0,73.0,101.0,19.0,81.0,62.0,79.0,21.0,21.0,13.0,49.0,47.0,120.0,19.0,52.0,98.0,49.0,78.0,92.0,102.0,74.0,64.0,51.0,51.0,59.0,17.0,110.0,68.0,57.0,56.0,19.0,111.0,57.0,62.0,19.0,53.0,15.0,17.0,93.0
11,P,2013001132107,9,02,11610,4,53,1061971,20.0,18.0,1.0,,,2,2,2,1,2,,,2,,,,,,2,2,2,1,2,2,2,0.0,,,,2,5,,,,,,3,4,,,,,,,,,,2,5,2,2,3,0.0,0.0,02,0.0,1,,17,0.0,1,0.0,0.0,0.0,,3,,2,,2,050,021,,1,,,6,,,1,01,,,,,11600,053,6,,1,,0,,,0.0,0.0,053,116.0,,,2,1,3,1,01,001,0,0,0,0,1,0,0,1,0,,,,,,,1,0,0,0,0,0,0,0,0,0,0,0,0,0,0,0,0,0,0,0,0,0,0,0,0,,0,0,0,,0,0,0,0,0,0,0,0,0,0,0,0,0,0,0,0,0,0,0,0,0,0,0,0,0,0,0,0,0,0,0,0,0,0,0,0,0,0,0,0,0,0,0,0,0,0,0,19.0,25.0,27.0,19.0,26.0,27.0,22.0,34.0,16.0,5.0,26.0,29.0,6.0,23.0,17.0,8.0,16.0,7.0,25.0,4.0,20.0,21.0,31.0,22.0,38.0,24.0,22.0,35.0,18.0,8.0,32.0,27.0,9.0,20.0,20.0,4.0,15.0,5.0,16.0,6.0,19.0,19.0,28.0,20.0,28.0,23.0,20.0,23.0,18.0,6.0,33.0,32.0,6.0,20.0,17.0,6.0,20.0,5.0,21.0,6.0,17.0,19.0,31.0,22.0,29.0,26.0,21.0,31.0,21.0,8.0,39.0,25.0,6.0,25.0,21.0,6.0,17.0,6.0,19.0,5.0
12,P,2013001142649,9,08,11611,4,53,1061971,8.0,18.0,1.0,,,2,2,2,2,2,,,2,,,,,,2,2,2,2,2,2,2,0.0,,,,2,5,,,,,,1,4,,,,,,,,,,2,5,2,2,3,0.0,0.0,10,0.0,1,,16,0.0,1,0.0,0.0,0.0,,3,,2,,1,720,999,,2,,,6,,,2,01,,,,,,,6,,1,,0,,,0.0,0.0,015,280.0,,,2,2,3,6,45,006,0,1,0,0,1,0,0,0,0,,,,,,,1,0,0,0,0,0,0,0,0,0,0,0,0,0,0,0,0,0,0,0,0,0,1,0,1,,1,,1,,1,1,1,0,0,0,0,0,0,0,0,0,0,0,0,0,0,0,0,0,0,0,0,0,0,0,0,0,0,1,1,0,0,0,0,0,0,0,0,0,0,0,0,0,0,0,0,3.0,7.0,8.0,9.0,11.0,17.0,9.0,12.0,2.0,15.0,2.0,16.0,2.0,2.0,12.0,7.0,8.0,7.0,7.0,6.0,8.0,3.0,15.0,14.0,9.0,5.0,3.0,8.0,7.0,6.0,9.0,3.0,5.0,7.0,14.0,15.0,4.0,2.0,14.0,2.0,9.0,5.0,8.0,6.0,3.0,2.0,10.0,2.0,14.0,2.0,15.0,8.0,18.0,17.0,10.0,9.0,7.0,8.0,8.0,7.0,9.0,19.0,3.0,2.0,6.0,15.0,14.0,12.0,7.0,6.0,10.0,16.0,9.0,9.0,3.0,3.0,9.0,13.0,2.0,11.0
13,P,2014001019524,9,02,11610,4,53,1045195,15.0,18.0,1.0,,,2,2,2,2,2,,,2,2,,,,,2,2,2,1,2,2,2,0.0,,,,1,5,,,,,,3,4,,,,,,,,,,2,5,2,2,3,0.0,350.0,05,0.0,1,,01,0.0,1,0.0,0.0,0.0,,3,,2,,1,924,999,,2,,,6,,,1,01,,,,1220,11600,053,6,,1,,0,,,0.0,350.0,053,307.0,,,2,1,1,1,01,001,0,0,0,0,1,0,0,1,0,,,,,,,1,0,0,0,0,0,0,0,0,0,0,0,0,0,0,0,0,0,0,0,0,0,0,0,0,,0,0,0,,0,0,0,0,0,0,0,0,0,0,0,0,0,0,0,0,0,0,0,0,0,0,0,0,0,0,0,0,0,0,0,0,0,0,0,0,0,0,0,0,0,0,0,0,0,0,0,13.0,5.0,12.0,4.0,20.0,25.0,4.0,5.0,11.0,11.0,12.0,11.0,15.0,31.0,12.0,5.0,24.0,18.0,26.0,23.0,17.0,5.0,19.0,6.0,26.0,20.0,6.0,5.0,17.0,18.0,14.0,12.0,26.0,31.0,14.0,4.0,21.0,15.0,21.0,27.0,15.0,5.0,13.0,4.0,24.0,17.0,5.0,3.0,14.0,20.0,17.0,15.0,16.0,27.0,14.0,5.0,24.0,14.0,34.0,24.0,12.0,4.0,13.0,3.0,24.0,18.0,4.0,4.0,16.0,21.0,16.0,12.0,18.0,30.0,16.0,4.0,23.0,16.0,26.0,25.0
14,P,2014000062718,9,03,11614,4,53,1045195,45.0,16.0,1.0,,,2,2,2,2,2,,,2,,,,,,2,2,2,1,2,2,2,0.0,,,,2,1,2,1,1,2,2013.0,1,,,,,,,,,,,2,3,2,2,2,0.0,0.0,02,0.0,1,,12,0.0,1,0.0,0.0,0.0,,3,,2,,4,999,999,,2,,,6,,,1,01,,,,,,,2,,1,,0,,,0.0,0.0,053,39.0,,,2,1,4,2,02,002,0,0,1,0,1,0,0,0,1,,,,,,,1,0,0,0,0,0,0,0,0,0,0,0,0,0,0,0,0,0,0,0,0,0,0,0,0,,0,0,0,,0,0,0,1,0,0,0,0,0,0,0,0,0,1,1,1,1,1,1,0,0,0,0,0,0,1,1,0,0,0,0,0,0,0,0,0,0,1,0,0,0,1,0,1,0,0,0,70.0,12.0,38.0,49.0,16.0,34.0,45.0,13.0,27.0,54.0,55.0,17.0,79.0,72.0,88.0,84.0,13.0,40.0,48.0,52.0,75.0,14.0,50.0,28.0,13.0,40.0,46.0,17.0,62.0,38.0,47.0,15.0,50.0,59.0,99.0,71.0,15.0,52.0,67.0,46.0,57.0,15.0,54.0,63.0,19.0,44.0,58.0,11.0,40.0,47.0,47.0,17.0,91.0,67.0,54.0,78.0,15.0,37.0,46.0,45.0,88.0,12.0,46.0,51.0,20.0,51.0,44.0,16.0,55.0,44.0,35.0,18.0,75.0,54.0,69.0,60.0,15.0,43.0,36.0,46.0
15,P,2014000440342,9,04,11614,4,53,1045195,26.0,16.0,1.0,,,2,2,2,2,2,,,2,,,,,,2,1,2,2,2,2,2,0.0,,,,2,5,,,,,,1,,,,,,,,,,,2,5,2,2,3,0.0,0.0,02,0.0,1,,12,0.0,1,0.0,0.0,0.0,,3,,2,,4,999,999,,2,,1,6,,,1,01,,,,,,,6,,1,1,1,,,0.0,0.0,053,500.0,,,1,2,3,1,01,001,0,0,0,0,1,0,0,1,1,,,,,,,1,1,0,1,0,0,0,0,0,0,0,0,0,0,0,0,1,0,0,0,0,0,1,1,1,,1,,1,,1,1,1,0,0,0,0,0,0,0,0,0,0,0,0,0,0,0,0,0,0,0,0,0,0,0,0,1,0,1,1,1,0,0,0,1,0,0,0,0,0,0,0,0,0,0,0,42.0,8.0,43.0,25.0,8.0,8.0,8.0,23.0,48.0,8.0,24.0,21.0,26.0,23.0,45.0,52.0,26.0,26.0,22.0,27.0,9.0,32.0,9.0,28.0,46.0,47.0,52.0,26.0,8.0,50.0,25.0,21.0,25.0,24.0,7.0,8.0,22.0,21.0,23.0,27.0,41.0,7.0,51.0,25.0,7.0,8.0,8.0,27.0,38.0,8.0,24.0,24.0,23.0,24.0,46.0,55.0,26.0,24.0,27.0,27.0,7.0,45.0,9.0,26.0,45.0,41.0,35.0,29.0,7.0,44.0,25.0,22.0,24.0,24.0,6.0,7.0,26.0,24.0,25.0,23.0
16,P,2014000707906,9,03,11614,4,53,1045195,44.0,16.0,1.0,,,2,2,2,2,2,,,2,1,2,,,,2,2,2,1,2,2,2,0.0,,,,1,5,,,,,,1,,,,,,,,,,,2,5,2,2,3,0.0,0.0,02,0.0,1,,12,0.0,2,0.0,0.0,0.0,,3,,2,,1,210,999,,2,,2,6,,,1,02,,,,1200,,,6,,1,2,1,,4,0.0,0.0,048,54.0,,,2,1,1,8,67,015,0,0,0,0,1,0,1,0,1,,,,,,,1,0,0,0,0,0,0,0,0,0,0,0,0,0,0,0,0,0,0,0,0,0,0,0,0,,0,0,0,,0,0,0,0,0,0,0,0,0,0,0,0,0,0,0,0,0,0,0,0,0,0,0,0,0,0,0,1,0,0,0,0,0,0,0,0,0,0,0,0,0,0,0,0,0,0,0,11.0,47.0,12.0,45.0,77.0,36.0,67.0,11.0,44.0,87.0,67.0,41.0,49.0,51.0,44.0,52.0,20.0,43.0,68.0,15.0,19.0,40.0,10.0,61.0,64.0,49.0,58.0,10.0,56.0,64.0,66.0,50.0,40.0,51.0,45.0,49.0,14.0,42.0,75.0,71.0,74.0,43.0,104.0,39.0,18.0,53.0,12.0,64.0,49.0,15.0,20.0,44.0,47.0,38.0,44.0,42.0,73.0,50.0,11.0,66.0,90.0,42.0,64.0,65.0,14.0,46.0,11.0,57.0,41.0,16.0,14.0,42.0,40.0,51.0,44.0,48.0,57.0,31.0,14.0,12.0
17,P,2014000712846,9,02,11610,4,53,1045195,45.0,18.0,1.0,,,2,2,2,2,2,,,2,1,1,,,,1,2,2,2,2,2,2,0.0,,,,1,5,,,,,,3,4,,,,,,,,,,2,5,2,2,3,0.0,0.0,12,0.0,1,,13,0.0,2,0.0,0.0,0.0,,3,,2,,1,211,999,,2,,,6,,,1,02,,,,1200,11600,053,6,,1,,0,,4,0.0,0.0,006,0.0,,,1,2,4,8,67,015,0,0,0,0,1,0,1,0,0,,,,,,,1,0,0,0,0,0,0,0,0,0,0,0,0,0,0,0,0,0,0,0,0,0,0,0,0,,0,,0,,0,0,0,0,0,0,0,0,0,0,0,0,0,0,0,0,0,0,0,0,0,0,0,0,0,0,0,0,0,0,0,0,0,0,0,0,0,0,0,0,0,0,0,0,0,0,0,12.0,53.0,17.0,68.0,15.0,16.0,15.0,14.0,53.0,48.0,15.0,17.0,48.0,13.0,12.0,52.0,47.0,44.0,44.0,87.0,47.0,66.0,47.0,74.0,38.0,53.0,40.0,34.0,82.0,68.0,42.0,47.0,70.0,44.0,47.0,70.0,80.0,61.0,62.0,39.0,80.0,54.0,86.0,57.0,58.0,98.0,68.0,70.0,57.0,42.0,88.0,69.0,50.0,104.0,46.0,52.0,48.0,35.0,39.0,17.0,33.0,9.0,47.0,13.0,56.0,47.0,41.0,28.0,14.0,14.0,37.0,52.0,14.0,47.0,54.0,12.0,15.0,16.0,17.0,36.0
18,P,2014000095629,9,01,11613,4,53,1045195,12.0,18.0,5.0,,1,2,2,2,2,1,,,2,4,2,,,,2,2,2,1,2,2,2,0.0,,,,1,2,2,1,1,1,2013.0,3,4,,,,,,,,,,3,1,2,1,2,1000.0,0.0,00,0.0,1,,01,0.0,2,0.0,0.0,0.0,,2,,2,2014.0,1,599,999,8,1,,,3,,,1,01,0170,,,4840,11600,053,3,111     ,2,,0,6050,1,0.0,1000.0,448,5.0,,,2,1,1,2,02,002,0,0,1,0,1,0,0,0,0,,,,,4520XX,,6,0,0,0,0,1,0,0,0,1,1,0,0,0,0,0,0,0,0,0,0,0,0,0,0,,0,0,0,,0,0,0,0,1,0,0,0,0,0,0,0,0,1,1,0,0,1,0,1,0,0,1,0,0,0,0,0,0,0,0,0,0,0,0,0,0,0,0,0,0,0,0,0,0,0,0,27.0,4.0,8.0,19.0,29.0,8.0,21.0,18.0,3.0,3.0,16.0,16.0,15.0,14.0,26.0,4.0,12.0,18.0,14.0,21.0,3.0,18.0,14.0,11.0,3.0,9.0,2.0,2.0,22.0,18.0,10.0,11.0,10.0,15.0,3.0,23.0,11.0,11.0,13.0,5.0,22.0,3.0,12.0,11.0,14.0,13.0,15.0,21.0,3.0,2.0,9.0,11.0,12.0,12.0,15.0,4.0,13.0,14.0,17.0,24.0,4.0,19.0,9.0,16.0,4.0,16.0,3.0,5.0,19.0,21.0,14.0,10.0,16.0,15.0,4.0,21.0,14.0,12.0,13.0,5.0
19,P,2014000732829,9,04,11613,4,53,1045195,21.0,16.0,1.0,,,2,2,2,2,2,,,2,,1,,,,1,2,2,2,2,2,2,0.0,,,,2,5,,,,,,1,,,,,,,,,,,2,5,2,2,2,0.0,0.0,02,0.0,1,,12,0.0,2,0.0,0.0,0.0,,3,,2,,2,903,924,,2,,1,6,,,1,02,,,,,,,6,,1,1,1,,4,0.0,0.0,053,265.0,,,1,2,1,9,68,016,0,0,1,0,2,0,0,1,1,,,,,,,1,0,0,0,0,0,0,0,0,0,0,0,0,0,0,0,0,0,0,0,0,0,0,0,0,,0,,0,,0,0,0,0,0,0,0,0,0,0,0,0,0,0,0,0,0,0,0,0,0,0,0,0,0,0,0,0,0,0,0,0,0,0,0,0,0,0,0,0,0,0,0,0,0,0,0,38.0,16.0,18.0,6.0,42.0,17.0,26.0,33.0,17.0,25.0,26.0,21.0,24.0,19.0,36.0,6.0,7.0,4.0,7.0,21.0,37.0,19.0,20.0,7.0,28.0,23.0,26.0,35.0,27.0,22.0,26.0,32.0,22.0,19.0,23.0,7.0,7.0,5.0,7.0,14.0,5.0,15.0,27.0,41.0,8.0,24.0,29.0,6.0,28.0,29.0,6.0,18.0,32.0,19.0,6.0,51.0,29.0,33.0,26.0,15.0,7.0,16.0,16.0,32.0,6.0,17.0,26.0,7.0,20.0,24.0,6.0,15.0,17.0,22.0,8.0,28.0,32.0,25.0,30.0,16.0
20,P,2014000965891,9,05,11613,4,53,1045195,48.0,18.0,1.0,,,2,2,2,2,2,,,2,1,,,,,2,2,2,1,2,2,2,0.0,,,,1,5,,,,,,1,4,,,,,,,,,,2,5,2,2,3,0.0,0.0,02,0.0,1,,16,0.0,1,0.0,0.0,0.0,,3,,2,,1,291,999,,2,,,6,,,1,02,,,,1200,,,6,,1,,0,,,0.0,0.0,006,307.0,,,2,1,1,8,67,015,0,0,0,0,1,0,1,0,0,,,,,,,1,0,0,0,0,0,0,0,0,0,0,0,0,0,0,0,0,0,0,0,0,0,0,0,0,,0,0,0,,0,0,0,0,0,0,0,0,0,0,0,0,0,0,0,0,0,0,0,0,0,0,0,0,0,0,0,0,0,0,0,0,0,0,0,0,0,0,0,0,0,0,0,0,0,0,0,41.0,65.0,62.0,50.0,17.0,98.0,17.0,36.0,55.0,49.0,54.0,44.0,41.0,92.0,17.0,46.0,44.0,16.0,17.0,55.0,15.0,47.0,45.0,13.0,56.0,49.0,41.0,15.0,59.0,79.0,73.0,81.0,20.0,56.0,48.0,65.0,19.0,42.0,55.0,71.0,54.0,62.0,96.0,63.0,19.0,84.0,13.0,48.0,58.0,63.0,53.0,37.0,56.0,90.0,14.0,61.0,41.0,17.0,14.0,52.0,17.0,66.0,42.0,15.0,45.0,52.0,39.0,13.0,64.0,60.0,88.0,61.0,12.0,55.0,42.0,64.0,16.0,44.0,55.0,77.0
21,P,2014000984550,9,04,11613,4,53,1045195,13.0,17.0,1.0,,,2,2,2,2,2,,,2,1,,,,,2,2,2,2,2,2,2,0.0,,,,1,5,,,,,,1,4,,,,,,,,,,2,5,2,2,3,0.0,0.0,05,0.0,1,,17,0.0,1,0.0,0.0,0.0,,3,,2,,4,999,999,,2,,,6,,,2,01,,,,2770,,,6,,1,,0,,,0.0,0.0,053,47.0,,,2,2,1,7,66,014,0,0,0,0,1,1,0,0,1,,,,,,,1,0,0,0,0,0,0,0,0,0,0,0,0,0,0,0,0,0,0,0,0,0,0,0,0,,0,,0,,0,0,0,0,0,0,0,0,0,0,1,0,0,0,0,0,0,0,0,0,0,0,0,0,0,0,0,1,0,0,0,0,0,0,0,1,0,0,0,0,0,0,0,0,0,0,0,10.0,11.0,18.0,13.0,16.0,26.0,5.0,4.0,13.0,21.0,14.0,12.0,20.0,3.0,11.0,16.0,13.0,15.0,4.0,3.0,11.0,17.0,21.0,16.0,21.0,23.0,7.0,4.0,14.0,16.0,11.0,14.0,28.0,5.0,9.0,15.0,20.0,25.0,6.0,23.0,10.0,19.0,4.0,22.0,4.0,3.0,16.0,20.0,12.0,7.0,13.0,15.0,2.0,22.0,10.0,10.0,12.0,5.0,27.0,34.0,11.0,12.0,4.0,17.0,4.0,5.0,38.0,22.0,12.0,14.0,11.0,10.0,5.0,30.0,19.0,13.0,11.0,4.0,22.0,5.0
22,P,2014001074786,9,02,11610,4,53,1045195,99.0,18.0,1.0,,1,2,2,2,2,2,,,2,,2,,,,2,2,2,1,2,2,2,0.0,,,,2,5,,,,,,1,4,,,,,,,,,,2,1,2,1,3,0.0,0.0,10,0.0,1,,18,0.0,2,1500.0,0.0,3000.0,20.0,1,5,2,,1,902,999,,2,,,3,,,1,01,5380,,,,,,6,45211   ,1,,0,4720,4,3000.0,4500.0,053,156.0,,,2,1,3,2,02,002,0,0,1,0,1,0,0,0,0,,,,,412010,,1,0,0,0,0,0,0,0,0,0,0,0,0,0,0,0,0,0,0,0,0,0,0,0,0,,0,0,0,,0,0,0,0,0,0,0,0,0,0,0,0,0,0,0,0,0,0,0,0,0,0,0,0,0,0,0,0,0,0,0,0,0,0,0,0,0,0,0,0,0,0,0,0,0,0,0,90.0,108.0,138.0,36.0,103.0,91.0,184.0,103.0,178.0,174.0,34.0,34.0,153.0,107.0,95.0,110.0,160.0,42.0,78.0,32.0,117.0,116.0,182.0,26.0,109.0,75.0,146.0,73.0,146.0,170.0,28.0,32.0,86.0,62.0,91.0,75.0,155.0,33.0,131.0,30.0,97.0,93.0,148.0,28.0,73.0,105.0,167.0,117.0,136.0,149.0,28.0,29.0,104.0,94.0,82.0,144.0,190.0,28.0,113.0,33.0,122.0,92.0,119.0,42.0,96.0,118.0,118.0,122.0,144.0,171.0,40.0,29.0,129.0,102.0,111.0,74.0,134.0,39.0,73.0,36.0
23,P,2015000408207,9,03,11614,4,53,1035988,85.0,18.0,1.0,,9,2,2,2,2,2,,,2,,,,,,1,2,2,2,2,2,2,0.0,,,,2,5,,,,,,3,4,,,,,,,,,,2,1,2,1,3,0.0,0.0,02,0.0,1,,16,0.0,1,0.0,0.0,0.0,,3,,2,,1,917,999,,2,,,3,,,1,01,9920,,,,11600,053,6,9920    ,1,,0,9920,,0.0,0.0,041,171.0,,,1,2,4,3,28,003,1,0,0,0,1,0,0,0,0,,,,,999920,,1,0,0,0,0,0,0,0,0,0,0,0,0,0,0,0,0,0,0,0,0,0,0,0,0,,0,,0,,0,0,0,0,0,0,0,0,0,0,0,0,0,0,0,0,0,0,0,0,0,0,0,0,0,0,0,0,0,0,0,0,0,0,0,0,0,0,0,0,0,0,0,0,0,0,0,72.0,73.0,85.0,75.0,35.0,35.0,96.0,109.0,97.0,126.0,44.0,96.0,104.0,123.0,83.0,38.0,33.0,80.0,107.0,25.0,27.0,127.0,140.0,36.0,109.0,69.0,42.0,123.0,39.0,96.0,87.0,72.0,87.0,81.0,93.0,100.0,111.0,104.0,74.0,78.0,90.0,117.0,77.0,89.0,22.0,37.0,92.0,133.0,92.0,98.0,43.0,119.0,87.0,137.0,82.0,32.0,29.0,106.0,88.0,28.0,43.0,139.0,102.0,35.0,95.0,68.0,28.0,78.0,35.0,79.0,84.0,96.0,114.0,94.0,121.0,79.0,96.0,134.0,101.0,90.0
24,P,2014001320478,9,02,11614,4,53,1045195,41.0,18.0,1.0,,1,2,2,2,2,2,,,2,1,1,,,,1,2,2,2,2,2,2,0.0,,,,1,5,,,,,,1,4,,,,,,,,,,2,1,2,1,3,0.0,0.0,02,0.0,1,,12,0.0,2,0.0,0.0,1000.0,40.0,1,6,2,,1,210,999,,2,,,3,,,1,02,4980,,,1200,,,6,4452    ,1,,0,4760,4,1000.0,1000.0,053,237.0,,,1,2,1,1,01,001,0,0,0,0,1,0,0,1,0,,,,,412031,,1,0,0,0,0,0,0,0,0,0,0,0,0,0,0,0,0,0,0,0,0,0,0,0,0,,0,,0,,0,0,0,0,0,0,0,0,0,0,0,0,0,0,0,0,0,0,0,0,0,0,0,0,0,0,0,0,0,0,0,0,1,0,0,0,0,0,0,0,0,0,1,0,0,0,0,44.0,71.0,62.0,53.0,18.0,16.0,39.0,74.0,15.0,48.0,51.0,57.0,32.0,39.0,44.0,40.0,15.0,57.0,37.0,50.0,42.0,37.0,33.0,64.0,38.0,35.0,70.0,39.0,42.0,37.0,62.0,15.0,12.0,14.0,15.0,60.0,50.0,42.0,12.0,40.0,81.0,46.0,38.0,73.0,40.0,49.0,46.0,33.0,48.0,36.0,88.0,12.0,10.0,15.0,10.0,76.0,47.0,33.0,13.0,16.0,34.0,68.0,68.0,38.0,12.0,15.0,44.0,49.0,12.0,79.0,35.0,43.0,41.0,53.0,43.0,38.0,15.0,73.0,42.0,10.0
25,P,2014001429103,9,02,11612,4,53,1045195,19.0,18.0,1.0,,,2,2,2,2,2,,,2,,2,,,,2,2,2,2,2,2,2,0.0,,,,2,5,,,,,,1,4,,,,,,,,,,3,5,3,3,3,0.0,0.0,02,0.0,1,,19,0.0,2,0.0,0.0,0.0,,3,,,,4,999,999,,2,,,6,,,2,01,,,,,,,6,,1,,0,,4,0.0,0.0,053,340.0,,,2,2,1,1,01,001,0,0,0,0,1,0,0,1,0,,,,,,,1,0,0,1,0,0,1,1,1,1,1,1,0,0,1,0,1,1,0,0,0,0,1,1,1,,1,,1,,1,1,1,0,0,1,0,0,0,0,0,1,1,0,0,0,0,0,1,0,0,1,0,1,1,1,1,1,0,1,1,0,0,1,0,1,1,1,0,1,1,1,0,1,0,0,0,33.0,25.0,5.0,6.0,6.0,16.0,19.0,18.0,19.0,21.0,27.0,30.0,38.0,17.0,5.0,21.0,30.0,18.0,22.0,39.0,7.0,21.0,40.0,29.0,33.0,21.0,28.0,18.0,20.0,18.0,6.0,6.0,6.0,20.0,29.0,19.0,4.0,14.0,16.0,5.0,32.0,21.0,6.0,6.0,5.0,20.0,21.0,18.0,18.0,21.0,29.0,30.0,31.0,18.0,6.0,29.0,36.0,25.0,23.0,27.0,6.0,17.0,34.0,29.0,37.0,15.0,16.0,30.0,23.0,18.0,6.0,6.0,5.0,17.0,41.0,13.0,5.0,17.0,17.0,6.0
26,P,2014001461479,9,03,11613,4,53,1045195,12.0,18.0,1.0,,1,2,2,2,2,2,,,2,,1,,,,1,2,2,1,2,2,2,0.0,,,,2,5,,,,,,3,4,,,,,,,,,,2,5,2,2,3,0.0,0.0,02,0.0,1,,16,0.0,2,0.0,0.0,6000.0,18.0,1,4,2,,1,032,999,,2,,,6,,,1,01,8680,,,,11600,053,6,722Z    ,1,,0,4020,1,6000.0,6000.0,006,110.0,,,1,1,3,1,01,001,0,0,0,0,1,0,0,1,0,,,1,3,352010,,1,0,0,0,0,0,0,0,0,0,0,0,0,0,0,0,0,0,0,0,0,0,0,0,0,,0,0,0,,0,0,0,0,0,0,0,0,0,0,0,0,0,0,0,0,0,0,0,0,0,0,0,0,0,1,1,0,0,0,0,0,0,0,0,0,0,0,0,0,0,1,0,0,0,0,0,13.0,10.0,9.0,4.0,4.0,10.0,15.0,12.0,3.0,26.0,4.0,12.0,23.0,18.0,25.0,11.0,3.0,19.0,11.0,3.0,4.0,19.0,16.0,10.0,11.0,3.0,4.0,17.0,11.0,13.0,10.0,16.0,13.0,11.0,10.0,3.0,11.0,12.0,20.0,13.0,14.0,10.0,9.0,20.0,22.0,10.0,11.0,15.0,26.0,5.0,15.0,11.0,3.0,4.0,3.0,10.0,19.0,3.0,15.0,20.0,18.0,3.0,4.0,10.0,10.0,19.0,20.0,4.0,14.0,11.0,11.0,3.0,12.0,12.0,13.0,21.0,10.0,11.0,3.0,16.0
27,P,2015000388217,9,03,11612,4,53,1035988,39.0,18.0,5.0,,1,2,2,2,2,2,,,2,2,2,,,,2,2,2,1,2,2,2,0.0,,,,1,5,,,,,,1,4,,,,,,,,,,2,5,2,2,2,0.0,0.0,02,0.0,1,,16,0.0,2,0.0,0.0,3100.0,36.0,1,6,2,1999.0,1,171,999,6,2,,,6,,,1,01,7980,,,1260,,,6,6212    ,2,,0,5400,4,3100.0,3100.0,164,142.0,,,2,1,3,1,01,001,0,0,0,0,1,0,0,1,0,,,,,434171,,5,0,0,0,0,0,0,0,0,0,0,0,0,0,0,0,0,0,0,0,0,0,1,1,1,,1,0,1,,1,1,1,0,0,0,0,0,0,0,0,0,0,0,0,0,0,0,0,0,0,0,0,0,0,0,0,0,0,1,1,0,0,0,0,0,0,0,0,0,0,0,0,0,0,0,0,40.0,41.0,59.0,13.0,71.0,68.0,40.0,37.0,12.0,13.0,49.0,33.0,40.0,36.0,57.0,41.0,41.0,32.0,13.0,85.0,48.0,44.0,15.0,55.0,11.0,14.0,50.0,36.0,66.0,52.0,14.0,46.0,38.0,42.0,9.0,40.0,30.0,32.0,52.0,59.0,34.0,42.0,10.0,93.0,11.0,13.0,33.0,34.0,50.0,74.0,12.0,38.0,36.0,40.0,11.0,70.0,48.0,54.0,73.0,9.0,41.0,33.0,63.0,11.0,68.0,49.0,35.0,60.0,12.0,9.0,70.0,38.0,35.0,38.0,82.0,27.0,35.0,38.0,10.0,12.0
28,P,2014001491545,9,03,11614,4,53,1045195,16.0,18.0,1.0,,9,2,2,2,2,2,,,2,,2,,,,1,2,2,2,2,2,2,0.0,,,,2,5,,,,,,3,4,,,,,,,,,,3,5,3,3,3,0.0,0.0,02,0.0,1,,16,0.0,2,0.0,0.0,0.0,,3,,,,4,999,999,,2,,,3,,,1,01,9920,,,,11600,053,6,9920    ,1,,0,9920,4,0.0,0.0,022,501.0,,,1,2,1,2,02,002,0,0,1,0,1,0,0,0,0,,,,,999920,,1,0,0,1,0,0,1,1,1,1,1,1,0,0,1,0,1,1,0,0,0,0,1,1,1,,1,,1,,1,1,1,0,0,1,0,0,0,0,0,1,1,0,0,0,0,0,1,1,0,1,0,1,1,1,1,1,0,1,1,0,0,1,0,1,1,1,0,1,1,1,0,1,0,0,0,8.0,5.0,5.0,18.0,7.0,15.0,5.0,27.0,13.0,20.0,13.0,3.0,5.0,21.0,22.0,6.0,21.0,19.0,5.0,10.0,13.0,23.0,23.0,29.0,26.0,28.0,17.0,21.0,26.0,21.0,19.0,22.0,10.0,25.0,15.0,17.0,30.0,20.0,17.0,22.0,24.0,28.0,31.0,15.0,26.0,17.0,24.0,19.0,19.0,15.0,16.0,39.0,22.0,19.0,11.0,23.0,17.0,19.0,41.0,22.0,31.0,11.0,12.0,7.0,13.0,4.0,12.0,6.0,4.0,5.0,8.0,15.0,17.0,4.0,7.0,11.0,5.0,7.0,13.0,6.0
29,P,2015000639047,9,05,11614,4,53,1035988,12.0,16.0,3.0,,,2,2,2,2,2,,,2,1,,,,,2,2,2,1,2,2,2,0.0,,,,1,5,,,,,,1,,,,,,,,,,,2,5,2,2,3,0.0,0.0,02,0.0,1,,17,0.0,1,0.0,0.0,0.0,,3,,2,1999.0,1,171,999,6,2,,1,6,,,1,01,,,,1260,,,6,,1,4,1,,,0.0,0.0,164,329.0,,,2,1,2,1,01,001,0,0,0,0,1,0,0,1,1,,,,,,,5,0,0,0,0,0,0,0,0,0,0,0,0,0,0,0,0,0,0,0,0,0,0,0,0,,0,0,0,,0,0,0,0,0,0,0,0,0,0,0,0,0,0,0,0,0,0,0,0,0,0,0,0,0,0,0,0,0,0,0,0,0,0,0,0,0,0,0,0,0,0,0,0,0,0,0,13.0,4.0,13.0,13.0,4.0,14.0,22.0,4.0,5.0,21.0,13.0,10.0,20.0,12.0,24.0,15.0,12.0,13.0,4.0,5.0,13.0,16.0,15.0,14.0,22.0,13.0,4.0,22.0,21.0,4.0,14.0,10.0,4.0,13.0,3.0,14.0,13.0,11.0,21.0,4.0,12.0,20.0,15.0,11.0,20.0,14.0,4.0,22.0,18.0,4.0,13.0,14.0,4.0,12.0,3.0,16.0,13.0,12.0,26.0,26.0,14.0,4.0,14.0,13.0,4.0,12.0,20.0,4.0,4.0,24.0,12.0,10.0,20.0,11.0,20.0,11.0,13.0,12.0,4.0,18.0
30,P,2015000413383,9,03,11613,4,53,1035988,26.0,18.0,1.0,,1,2,2,2,2,2,,,2,,,,,,1,2,2,1,2,2,2,0.0,,,,2,5,,,,,,1,4,,,,,,,,,,2,1,2,1,3,0.0,0.0,02,0.0,1,,15,0.0,1,9000.0,0.0,5500.0,15.0,1,5,2,,2,022,050,,2,,,3,,,1,01,4970,,,,,,6,4451    ,1,,0,5620,,5500.0,14500.0,053,117.0,,,1,1,1,9,68,017,1,0,0,0,2,0,0,1,0,,,,,435081,,1,0,0,0,0,0,0,0,0,0,0,0,0,0,0,0,0,0,0,0,0,0,0,0,0,,0,0,0,,0,0,0,0,0,0,0,0,0,0,0,0,0,0,0,0,0,0,0,0,0,0,0,0,0,0,0,0,0,0,0,0,0,0,0,0,0,0,0,0,0,0,0,0,0,0,0,27.0,10.0,21.0,18.0,9.0,22.0,38.0,35.0,31.0,29.0,28.0,24.0,31.0,52.0,8.0,8.0,10.0,20.0,46.0,33.0,23.0,5.0,45.0,38.0,9.0,35.0,56.0,66.0,55.0,26.0,25.0,22.0,25.0,21.0,5.0,9.0,6.0,26.0,55.0,24.0,32.0,12.0,32.0,29.0,6.0,23.0,34.0,37.0,53.0,17.0,41.0,40.0,34.0,24.0,7.0,8.0,7.0,33.0,32.0,49.0,20.0,9.0,23.0,36.0,9.0,26.0,49.0,29.0,28.0,32.0,32.0,24.0,23.0,43.0,9.0,12.0,9.0,20.0,46.0,40.0
31,P,2015000571386,9,05,11612,4,53,1035988,79.0,17.0,1.0,,,2,2,2,2,2,,,2,,2,,,,1,2,2,2,2,2,2,0.0,,,,2,5,,,,,,1,4,,,,,,,,,,2,5,2,2,3,0.0,0.0,02,0.0,1,,16,0.0,2,0.0,0.0,0.0,,3,,2,,2,811,814,,2,,1,6,,,1,01,,,,,,,6,,1,1,1,,4,0.0,0.0,053,288.0,,,1,2,4,7,66,099,0,0,0,1,1,1,0,0,1,,,,,,,1,0,0,0,0,0,0,0,0,0,0,0,0,0,0,0,0,0,0,0,0,0,0,0,0,,0,,0,,0,0,0,0,0,0,0,0,0,0,0,0,0,0,0,0,0,0,0,0,0,0,0,0,0,0,0,0,0,0,0,0,0,0,0,0,0,0,0,0,0,0,0,0,0,0,0,88.0,73.0,22.0,102.0,37.0,77.0,123.0,118.0,102.0,68.0,25.0,105.0,79.0,70.0,89.0,50.0,22.0,21.0,77.0,30.0,43.0,146.0,61.0,89.0,84.0,119.0,100.0,87.0,92.0,33.0,45.0,86.0,126.0,28.0,237.0,176.0,89.0,107.0,23.0,40.0,76.0,78.0,25.0,146.0,27.0,84.0,94.0,133.0,110.0,67.0,21.0,143.0,64.0,92.0,102.0,58.0,29.0,20.0,66.0,42.0,38.0,78.0,82.0,73.0,72.0,120.0,58.0,94.0,80.0,30.0,64.0,79.0,184.0,37.0,147.0,134.0,99.0,141.0,26.0,73.0
32,P,2015000650843,9,03,11615,4,53,1035988,12.0,16.0,1.0,,,2,2,2,1,2,,,2,,2,,,,2,1,2,2,2,2,2,1.0,,,,2,5,,,,,,1,,,,,,,,,,,2,5,2,2,3,0.0,0.0,02,0.0,1,,12,0.0,2,0.0,16800.0,0.0,,3,,2,,2,068,082,,1,,6,6,,,1,01,,,,,,,6,,1,5,1,,4,0.0,16801.0,053,501.0,,,1,2,4,1,01,001,0,0,0,0,1,0,0,1,1,,,,,,,1,0,0,0,0,0,0,0,0,0,0,0,0,0,0,0,0,0,0,0,0,0,0,0,0,,0,,0,,0,0,0,0,0,0,0,0,0,0,0,0,0,0,0,0,0,0,0,0,0,0,0,0,0,0,0,0,0,0,0,0,0,0,0,0,0,0,0,0,0,0,0,0,0,0,0,25.0,4.0,13.0,16.0,21.0,3.0,12.0,13.0,4.0,13.0,11.0,4.0,13.0,13.0,12.0,4.0,22.0,20.0,23.0,12.0,3.0,22.0,13.0,16.0,3.0,20.0,14.0,12.0,20.0,13.0,14.0,20.0,13.0,12.0,13.0,25.0,3.0,4.0,4.0,13.0,4.0,22.0,13.0,13.0,5.0,21.0,13.0,13.0,22.0,13.0,15.0,22.0,13.0,14.0,14.0,22.0,4.0,4.0,3.0,13.0,23.0,4.0,11.0,12.0,19.0,3.0,15.0,12.0,3.0,12.0,14.0,3.0,14.0,15.0,14.0,4.0,21.0,22.0,20.0,11.0
33,P,2016000023705,9,05,11612,4,53,1029257,24.0,16.0,1.0,,,2,2,2,2,2,,,2,,2,,,,1,2,2,2,2,2,2,0.0,,,,2,5,,,,,,1,,,,,,,,,,,2,5,2,2,3,0.0,0.0,02,0.0,1,,12,0.0,2,0.0,0.0,0.0,,3,,2,,2,032,089,,2,,1,6,,,1,01,,,,,,,6,,1,1,1,,4,0.0,0.0,049,464.0,,,1,2,1,1,01,001,0,0,0,0,1,0,0,1,1,,,,,,,1,0,0,0,0,0,0,0,0,0,0,0,0,0,0,0,0,0,0,0,0,0,0,0,0,,0,,0,,0,0,0,0,0,0,0,0,0,0,0,0,0,0,0,0,0,0,0,0,0,0,0,0,0,0,0,0,0,0,0,0,0,0,0,0,0,0,0,0,0,0,0,0,0,0,0,8.0,9.0,19.0,44.0,47.0,23.0,8.0,41.0,6.0,23.0,22.0,24.0,23.0,28.0,30.0,37.0,7.0,24.0,23.0,23.0,25.0,25.0,6.0,23.0,26.0,10.0,25.0,24.0,24.0,6.0,43.0,42.0,37.0,40.0,7.0,19.0,23.0,44.0,7.0,8.0,35.0,51.0,34.0,7.0,7.0,23.0,34.0,6.0,43.0,30.0,23.0,24.0,23.0,21.0,22.0,7.0,40.0,23.0,21.0,22.0,20.0,26.0,35.0,24.0,30.0,39.0,23.0,19.0,20.0,48.0,7.0,7.0,8.0,9.0,35.0,27.0,34.0,6.0,34.0,36.0
34,P,2015001272145,9,03,11610,4,53,1035988,55.0,18.0,1.0,,,2,2,2,2,2,,,2,,2,,,,1,2,2,1,2,2,2,0.0,,,,2,5,,,,,,3,4,,,,,,,,,,2,5,2,2,3,0.0,0.0,02,0.0,1,,16,0.0,2,0.0,0.0,0.0,,3,,2,,1,089,999,,2,,,6,,,1,01,,,,,11600,053,6,,1,,0,,4,0.0,0.0,053,322.0,,,1,1,3,1,01,001,0,0,0,0,1,0,0,1,0,,,,,,,1,0,0,0,0,0,0,0,0,0,0,0,0,0,0,0,0,0,0,0,0,0,0,0,0,,0,1,0,,0,0,0,0,0,0,0,0,0,0,0,0,0,0,0,0,0,0,0,0,0,0,0,0,0,0,0,0,0,0,0,0,0,0,0,0,0,0,0,0,0,0,0,0,0,0,0,57.0,42.0,108.0,17.0,49.0,66.0,87.0,68.0,101.0,60.0,14.0,15.0,72.0,58.0,82.0,60.0,60.0,26.0,45.0,18.0,40.0,49.0,119.0,15.0,55.0,40.0,76.0,52.0,61.0,59.0,28.0,17.0,58.0,54.0,41.0,46.0,99.0,18.0,89.0,17.0,57.0,65.0,70.0,16.0,62.0,63.0,76.0,45.0,58.0,103.0,20.0,16.0,53.0,86.0,76.0,75.0,91.0,15.0,45.0,14.0,57.0,66.0,74.0,22.0,53.0,40.0,88.0,45.0,101.0,88.0,15.0,23.0,58.0,48.0,47.0,41.0,82.0,12.0,62.0,17.0
35,P,2015001313106,9,03,11614,4,53,1035988,39.0,17.0,1.0,,,2,2,2,2,2,,,2,1,,,,,1,2,2,1,2,2,2,0.0,,,,1,5,,,,,,1,4,,,,,,,,,,2,3,2,2,2,0.0,0.0,02,0.0,1,,14,0.0,1,0.0,0.0,0.0,,3,,2,,1,210,999,,2,,1,6,,,1,02,,,,1200,,,6,,1,2,1,,,0.0,0.0,006,501.0,,,1,1,2,1,01,001,0,0,0,0,1,0,0,1,1,,,,,,,1,0,0,0,0,0,0,0,0,0,0,0,0,0,0,0,0,0,0,0,0,0,1,0,1,,1,0,0,,1,1,1,0,0,0,0,0,0,0,0,0,0,0,0,0,0,0,0,0,0,0,0,0,0,1,1,0,0,1,1,0,0,0,0,0,0,1,0,0,0,1,0,1,0,0,0,87.0,18.0,47.0,55.0,11.0,14.0,38.0,34.0,58.0,41.0,47.0,50.0,39.0,57.0,41.0,34.0,16.0,12.0,51.0,59.0,10.0,57.0,35.0,16.0,67.0,49.0,31.0,49.0,13.0,34.0,48.0,34.0,36.0,12.0,39.0,50.0,46.0,60.0,20.0,38.0,72.0,16.0,37.0,69.0,13.0,11.0,34.0,40.0,56.0,29.0,60.0,49.0,50.0,81.0,30.0,42.0,12.0,12.0,70.0,47.0,10.0,52.0,53.0,12.0,72.0,68.0,28.0,27.0,13.0,32.0,42.0,43.0,41.0,11.0,37.0,40.0,63.0,61.0,16.0,25.0
36,P,2015001313106,9,04,11614,4,53,1035988,22.0,16.0,1.0,,,2,2,2,2,2,,,2,1,2,,,,1,2,2,1,2,2,2,0.0,,,,1,5,,,,,,1,,,,,,,,,,,2,5,2,2,3,0.0,0.0,02,0.0,1,,13,0.0,2,0.0,0.0,0.0,,3,,2,,1,210,999,,2,,1,6,,,1,02,,,,1200,,,6,,1,2,1,,4,0.0,0.0,006,501.0,,,1,1,3,1,01,001,0,0,0,0,1,0,0,1,1,,,,,,,1,0,0,0,0,0,0,0,0,0,0,0,0,0,0,0,0,0,0,0,0,0,1,0,1,,1,0,0,,1,1,1,0,0,0,0,0,0,0,0,0,0,0,0,0,0,0,0,0,0,0,0,0,0,0,0,0,0,1,1,0,0,0,0,0,0,0,0,0,0,0,0,0,0,0,0,27.0,9.0,22.0,26.0,6.0,5.0,19.0,20.0,35.0,19.0,21.0,18.0,23.0,37.0,24.0,27.0,8.0,8.0,28.0,23.0,8.0,33.0,22.0,10.0,31.0,40.0,17.0,18.0,10.0,21.0,24.0,25.0,18.0,7.0,20.0,22.0,36.0,34.0,8.0,22.0,39.0,8.0,31.0,24.0,8.0,8.0,20.0,21.0,43.0,24.0,28.0,22.0,24.0,29.0,23.0,19.0,6.0,8.0,32.0,24.0,7.0,35.0,21.0,8.0,33.0,35.0,17.0,17.0,5.0,21.0,27.0,23.0,20.0,6.0,23.0,25.0,28.0,28.0,7.0,23.0
37,P,2015001375172,9,04,11610,4,53,1035988,11.0,18.0,1.0,,,2,2,2,2,2,,,2,,,,,,2,2,2,1,2,2,2,0.0,,,,2,5,,,,,,1,4,,,,,,,,,,2,5,2,3,3,0.0,0.0,02,0.0,1,,17,0.0,1,0.0,0.0,0.0,,3,,2,,2,020,082,,2,,,6,,,1,01,,,,,,,6,,1,,0,,,0.0,0.0,053,118.0,,,2,1,1,1,01,001,0,0,0,0,1,0,0,1,0,,,,,,,1,0,0,0,0,0,0,0,0,1,0,0,0,0,1,0,0,0,0,0,0,0,0,0,0,,0,0,0,,0,0,0,0,0,0,0,0,0,0,0,0,0,0,0,0,0,0,0,0,0,0,0,0,0,0,0,0,0,0,0,0,0,0,0,0,0,0,0,0,0,0,0,0,0,0,0,3.0,14.0,3.0,13.0,10.0,5.0,12.0,3.0,19.0,16.0,9.0,8.0,11.0,4.0,9.0,25.0,10.0,25.0,22.0,11.0,3.0,13.0,4.0,14.0,13.0,5.0,15.0,3.0,18.0,25.0,11.0,9.0,16.0,3.0,13.0,20.0,8.0,18.0,15.0,13.0,18.0,12.0,16.0,14.0,10.0,21.0,11.0,15.0,3.0,3.0,11.0,11.0,13.0,21.0,10.0,3.0,12.0,3.0,3.0,11.0,19.0,12.0,18.0,11.0,9.0,27.0,13.0,18.0,3.0,4.0,14.0,9.0,12.0,23.0,11.0,4.0,11.0,4.0,3.0,10.0
38,P,2015001185185,9,02,11614,4,53,1035988,60.0,18.0,4.0,2000.0,,2,2,2,2,2,,,2,1,2,,,,2,2,2,1,2,2,2,0.0,,,,1,5,,,,,,1,4,,,,,,,,,,2,5,2,2,3,0.0,0.0,02,0.0,1,,16,0.0,2,0.0,0.0,0.0,,3,,2,1998.0,1,171,999,6,2,,,6,,,1,01,,,,1260,,,6,,2,,0,,4,0.0,0.0,164,0.0,,,2,1,1,1,01,001,0,0,0,0,1,0,0,1,0,,,,,,,5,0,0,0,1,0,0,0,0,0,0,0,0,0,0,0,0,0,0,0,0,0,0,0,0,,0,0,0,,0,0,0,0,0,0,0,0,0,0,0,0,0,0,0,0,0,0,0,0,0,0,0,0,0,0,0,0,0,0,0,0,1,0,0,0,0,0,0,0,0,0,0,0,0,0,0,78.0,53.0,81.0,42.0,65.0,109.0,55.0,16.0,111.0,92.0,18.0,65.0,54.0,21.0,60.0,17.0,77.0,45.0,63.0,24.0,74.0,64.0,103.0,47.0,59.0,127.0,65.0,16.0,93.0,93.0,22.0,88.0,57.0,26.0,54.0,20.0,50.0,58.0,71.0,82.0,17.0,60.0,21.0,71.0,57.0,17.0,58.0,125.0,17.0,18.0,89.0,46.0,56.0,110.0,58.0,92.0,60.0,66.0,66.0,111.0,24.0,60.0,15.0,67.0,55.0,18.0,77.0,80.0,15.0,19.0,99.0,64.0,62.0,77.0,69.0,93.0,59.0,56.0,65.0,21.0
39,P,2015001329594,9,03,11612,4,53,1035988,28.0,16.0,1.0,,,2,2,2,2,2,,,2,,,,,,2,2,2,1,2,2,2,0.0,,,,2,5,,,,,,1,,,,,,,,,,,2,5,2,2,3,0.0,0.0,02,0.0,1,,12,0.0,1,0.0,0.0,0.0,,3,,2,,2,032,290,,2,,7,6,,,1,02,,,,,,,6,,1,7,1,,,0.0,0.0,053,131.0,,,2,1,2,1,01,001,0,0,0,0,1,0,0,1,1,,,,,,,1,0,0,0,0,0,0,0,0,0,0,0,0,0,0,0,0,0,0,0,0,0,0,0,0,,0,0,0,,0,0,0,0,0,0,0,0,0,0,0,0,0,0,0,0,0,0,0,0,0,0,0,0,0,0,0,0,0,0,0,0,0,0,0,0,0,0,0,0,0,0,0,0,0,0,0,33.0,29.0,29.0,6.0,51.0,28.0,19.0,7.0,23.0,13.0,7.0,39.0,55.0,46.0,32.0,32.0,42.0,7.0,46.0,10.0,25.0,19.0,23.0,47.0,7.0,36.0,37.0,55.0,27.0,50.0,49.0,10.0,10.0,32.0,22.0,34.0,35.0,54.0,8.0,8.0,33.0,32.0,34.0,42.0,11.0,31.0,27.0,42.0,35.0,45.0,50.0,10.0,9.0,26.0,24.0,35.0,37.0,36.0,9.0,48.0,29.0,19.0,33.0,7.0,55.0,25.0,22.0,13.0,28.0,8.0,11.0,41.0,58.0,26.0,22.0,30.0,25.0,10.0,56.0,38.0
40,P,2015001455204,9,03,11614,4,53,1035988,8.0,16.0,1.0,,,2,2,2,2,2,,,2,,2,,,,2,2,2,1,2,2,2,400.0,,,,2,5,,,,,,1,,,,,,,,,,,2,5,2,2,3,0.0,0.0,02,0.0,1,,13,0.0,2,0.0,0.0,0.0,,3,,2,,2,082,032,,2,,8,6,,,1,01,,,,,,,6,,1,7,1,,4,0.0,400.0,053,48.0,,,2,1,2,9,68,017,1,0,0,0,2,0,0,1,1,,,,,,,1,0,0,0,0,0,0,0,0,0,0,0,0,0,0,0,0,0,0,0,0,0,0,0,0,,0,0,0,,0,0,0,0,0,0,0,0,0,0,0,0,0,0,0,0,0,0,0,0,0,0,0,0,0,0,0,0,0,0,0,0,0,0,0,0,0,0,0,0,0,0,0,0,0,0,0,2.0,13.0,11.0,6.0,15.0,6.0,10.0,7.0,5.0,10.0,6.0,3.0,18.0,16.0,2.0,6.0,3.0,2.0,10.0,2.0,2.0,12.0,8.0,6.0,12.0,5.0,10.0,8.0,6.0,13.0,5.0,4.0,15.0,11.0,4.0,7.0,7.0,3.0,6.0,4.0,3.0,10.0,5.0,9.0,16.0,9.0,13.0,6.0,9.0,10.0,6.0,2.0,14.0,9.0,2.0,7.0,15.0,2.0,4.0,2.0,2.0,6.0,3.0,7.0,16.0,9.0,11.0,8.0,10.0,16.0,14.0,2.0,6.0,14.0,3.0,7.0,11.0,3.0,7.0,2.0
41,P,2016001052457,9,02,11610,4,53,1029257,28.0,16.0,1.0,,,2,2,2,2,2,,,2,,,,,,1,2,2,2,2,2,2,0.0,,,,2,5,,,,,,1,,,,,,,,,,,2,5,2,2,3,0.0,0.0,02,0.0,1,,14,0.0,1,0.0,22000.0,0.0,,3,,2,,1,195,999,,2,,7,6,,,1,01,,,,,,,6,,1,7,1,,,0.0,22000.0,053,262.0,,,1,2,2,1,01,001,0,0,0,0,1,0,0,1,1,,,,,,,1,0,0,0,0,0,0,0,0,0,0,0,0,0,0,0,0,0,0,0,0,0,0,0,0,,0,,0,,0,0,0,0,0,0,0,0,0,0,0,0,0,0,0,0,0,0,0,0,0,0,0,0,0,0,0,0,0,0,0,0,0,0,0,0,0,0,0,0,0,0,0,0,0,0,0,7.0,26.0,23.0,24.0,52.0,43.0,29.0,59.0,8.0,41.0,6.0,28.0,9.0,8.0,33.0,26.0,30.0,24.0,21.0,26.0,31.0,54.0,10.0,11.0,26.0,30.0,50.0,33.0,29.0,33.0,31.0,48.0,40.0,24.0,8.0,11.0,43.0,50.0,7.0,10.0,60.0,30.0,32.0,32.0,8.0,10.0,31.0,9.0,41.0,10.0,53.0,36.0,61.0,56.0,23.0,29.0,24.0,25.0,29.0,31.0,26.0,8.0,47.0,35.0,27.0,26.0,8.0,25.0,24.0,29.0,24.0,8.0,24.0,29.0,48.0,44.0,10.0,9.0,48.0,47.0
42,P,2016000686647,9,04,11615,4,53,1029257,43.0,18.0,5.0,,,2,2,2,2,2,,,2,,,,,,2,1,2,2,2,2,2,0.0,,,,2,5,,,,,,2,4,,,,,,,,,,2,5,2,2,3,10000.0,0.0,15,0.0,1,,16,0.0,1,0.0,0.0,0.0,,3,,2,2016.0,1,706,999,8,2,,,6,,,1,01,,,,,00001,207,6,,2,,0,,,0.0,10000.0,207,80.0,,,1,2,1,6,43,005,0,1,0,0,1,0,0,0,0,,,,,,,4,0,0,0,0,0,0,0,0,0,0,0,0,0,0,0,0,0,0,0,0,0,0,0,0,,0,,0,,0,0,0,0,0,0,0,0,0,0,0,0,0,0,0,0,0,0,0,0,0,0,0,0,0,0,0,0,0,0,0,0,0,0,0,0,0,0,0,0,0,0,0,0,0,0,0,32.0,38.0,65.0,62.0,46.0,14.0,75.0,14.0,17.0,39.0,43.0,75.0,60.0,21.0,44.0,31.0,40.0,11.0,38.0,60.0,46.0,36.0,80.0,47.0,36.0,17.0,88.0,11.0,14.0,40.0,44.0,50.0,69.0,16.0,46.0,47.0,43.0,11.0,42.0,68.0,42.0,49.0,60.0,49.0,49.0,10.0,57.0,18.0,16.0,35.0,44.0,68.0,53.0,22.0,49.0,35.0,54.0,15.0,46.0,54.0,40.0,44.0,90.0,35.0,47.0,24.0,68.0,11.0,20.0,48.0,39.0,56.0,56.0,12.0,35.0,44.0,31.0,16.0,44.0,63.0
43,P,2017000148009,9,04,11610,4,53,1011189,7.0,18.0,1.0,,,2,2,2,2,2,,,2,1,,,,,1,2,2,2,2,2,2,0.0,,,,1,5,,,,,,1,4,,,,,,,,,,3,5,3,3,3,0.0,0.0,02,0.0,1,,12,0.0,1,0.0,0.0,0.0,,3,,,,4,999,999,,2,,,6,,,1,02,,,,1200,,,6,,1,,0,,,0.0,0.0,053,253.0,,,1,2,4,8,67,015,0,0,0,0,1,0,1,0,0,,,,,,,1,0,0,1,0,0,1,1,1,1,1,1,0,0,1,1,1,0,0,0,0,0,1,1,1,,1,,1,,1,1,1,0,0,1,0,0,0,0,1,1,1,0,0,0,0,0,1,0,0,1,0,1,1,1,1,1,0,1,1,0,0,1,0,1,1,1,0,1,1,1,0,1,0,0,0,6.0,12.0,21.0,2.0,10.0,6.0,33.0,5.0,13.0,8.0,3.0,3.0,10.0,7.0,8.0,6.0,12.0,1.0,9.0,3.0,12.0,5.0,10.0,2.0,5.0,6.0,8.0,9.0,16.0,12.0,4.0,3.0,10.0,7.0,8.0,9.0,18.0,1.0,5.0,3.0,8.0,13.0,24.0,2.0,9.0,9.0,27.0,5.0,12.0,10.0,3.0,3.0,11.0,8.0,7.0,6.0,10.0,2.0,8.0,2.0,9.0,6.0,15.0,1.0,5.0,7.0,7.0,7.0,11.0,13.0,3.0,3.0,10.0,8.0,8.0,7.0,16.0,2.0,6.0,3.0
44,P,2016001144392,9,07,11614,4,53,1029257,3.0,18.0,1.0,,,2,2,2,2,2,,,2,,2,,,,2,2,2,2,2,2,1,0.0,,,,2,5,,,,,,1,4,,,,,,,,,,2,5,2,2,3,1700.0,0.0,02,0.0,1,,13,0.0,2,0.0,0.0,0.0,,3,,2,,1,917,999,,2,,,6,,,2,01,,,,,,,6,,1,,0,,4,0.0,1700.0,053,235.0,,,2,2,2,3,21,003,1,0,0,0,1,0,0,0,0,,,,,,,1,0,0,0,0,0,0,0,0,0,0,0,0,0,0,0,0,0,0,0,0,0,0,0,0,,0,,0,,0,0,0,0,0,0,0,0,0,0,0,0,0,0,0,0,0,0,0,0,0,0,0,0,0,0,0,0,0,0,0,0,0,0,0,0,0,0,0,0,0,0,0,0,0,0,0,2.0,5.0,5.0,3.0,4.0,6.0,1.0,3.0,1.0,1.0,4.0,3.0,4.0,3.0,6.0,6.0,6.0,9.0,1.0,3.0,4.0,2.0,5.0,4.0,1.0,4.0,9.0,3.0,4.0,9.0,2.0,5.0,3.0,5.0,4.0,2.0,7.0,1.0,5.0,6.0,13.0,4.0,3.0,5.0,1.0,3.0,5.0,4.0,4.0,5.0,1.0,3.0,1.0,4.0,4.0,1.0,2.0,1.0,10.0,3.0,0.0,3.0,5.0,3.0,3.0,4.0,2.0,3.0,1.0,3.0,6.0,6.0,9.0,6.0,3.0,7.0,5.0,6.0,1.0,4.0
45,P,2016001183818,9,04,11615,4,53,1029257,21.0,18.0,1.0,,1,2,2,2,2,2,,,2,,,,,,1,2,2,2,2,2,2,0.0,,,,2,5,,,,,,1,4,,,,,,,,,,2,5,2,2,3,0.0,0.0,02,0.0,1,,14,0.0,1,0.0,0.0,5000.0,24.0,1,5,2,,1,032,999,,2,,,6,,,1,01,3570,,,,,,6,336M    ,1,,0,8140,,5000.0,5000.0,053,501.0,,,1,2,2,1,01,001,0,0,0,0,1,0,0,1,0,,,,,514120,,1,0,0,0,0,0,0,0,0,0,0,0,0,0,0,0,0,0,0,0,0,0,0,0,0,,0,,0,,0,0,0,0,0,0,0,0,0,0,0,0,0,0,0,0,0,0,0,0,0,0,0,0,0,0,0,0,0,0,0,0,0,0,0,0,0,0,0,0,0,0,0,0,0,0,0,20.0,38.0,20.0,6.0,19.0,19.0,5.0,19.0,33.0,31.0,36.0,20.0,21.0,21.0,23.0,18.0,6.0,6.0,6.0,6.0,24.0,7.0,20.0,33.0,20.0,25.0,33.0,20.0,8.0,6.0,6.0,21.0,19.0,19.0,20.0,25.0,33.0,30.0,33.0,28.0,21.0,34.0,23.0,7.0,21.0,19.0,6.0,18.0,29.0,30.0,38.0,23.0,20.0,17.0,21.0,19.0,5.0,6.0,6.0,6.0,24.0,6.0,20.0,41.0,22.0,21.0,32.0,20.0,7.0,6.0,6.0,20.0,19.0,21.0,20.0,24.0,36.0,35.0,34.0,34.0
46,P,2017000165892,9,06,11612,4,53,1011189,26.0,17.0,1.0,,,2,2,2,2,2,,,2,,,,,,2,2,2,1,2,2,2,0.0,,,,2,5,,,,,,3,4,,,,,,,,,,3,5,3,3,3,0.0,0.0,07,0.0,1,,13,0.0,1,0.0,0.0,0.0,,3,,,,4,999,999,,2,,7,6,,,1,01,,,,,11600,053,6,,1,7,0,,,0.0,0.0,053,378.0,,,2,1,3,1,01,001,0,0,0,0,1,0,0,1,1,,,1,5,,,1,0,0,1,0,0,1,1,1,1,1,1,0,0,1,0,1,0,0,0,0,0,1,1,1,,1,0,1,,1,1,1,1,0,1,0,0,0,0,0,1,1,0,0,0,0,0,1,1,0,1,0,1,1,1,1,1,0,1,1,1,1,1,0,1,1,1,0,1,1,1,0,1,0,0,0,38.0,9.0,50.0,38.0,24.0,21.0,8.0,10.0,35.0,31.0,22.0,24.0,44.0,24.0,27.0,28.0,6.0,31.0,25.0,46.0,6.0,51.0,8.0,7.0,26.0,26.0,32.0,52.0,8.0,28.0,20.0,35.0,8.0,28.0,25.0,18.0,51.0,30.0,30.0,9.0,46.0,5.0,39.0,50.0,26.0,31.0,6.0,7.0,62.0,22.0,19.0,27.0,44.0,25.0,26.0,25.0,9.0,28.0,28.0,45.0,11.0,46.0,7.0,9.0,26.0,26.0,51.0,46.0,6.0,22.0,35.0,21.0,6.0,22.0,23.0,27.0,42.0,28.0,20.0,6.0
47,P,2017000353715,9,05,11612,4,53,1011189,29.0,18.0,1.0,,1,2,2,2,2,2,,,2,1,,,,,2,2,2,2,2,2,2,0.0,,,,1,5,,,,,,3,4,,,,,,,,,,2,1,3,1,3,0.0,0.0,10,0.0,1,,16,0.0,1,0.0,0.0,9000.0,40.0,1,3,2,,1,210,999,,2,,,3,,,2,02,8680,,,1200,00100,004,6,722Z    ,1,,0,4030,,9000.0,9000.0,004,315.0,,,2,2,3,8,67,015,0,0,0,0,1,0,1,0,0,,,,,352021,,1,0,0,0,0,0,0,0,0,0,0,0,0,0,0,0,0,0,0,0,0,0,0,0,0,,0,,0,,0,0,0,0,0,0,0,0,0,0,0,0,0,0,0,0,0,0,0,0,0,0,0,0,0,0,0,0,0,0,0,0,0,0,0,0,0,0,0,0,0,0,0,0,0,0,0,10.0,29.0,30.0,45.0,17.0,24.0,41.0,24.0,41.0,19.0,22.0,11.0,9.0,48.0,58.0,8.0,30.0,38.0,10.0,44.0,10.0,28.0,23.0,42.0,28.0,20.0,29.0,30.0,46.0,31.0,46.0,10.0,11.0,54.0,48.0,8.0,26.0,51.0,8.0,32.0,7.0,31.0,30.0,56.0,23.0,22.0,42.0,33.0,57.0,29.0,18.0,11.0,8.0,35.0,39.0,7.0,28.0,37.0,10.0,22.0,7.0,24.0,41.0,53.0,36.0,29.0,24.0,31.0,41.0,29.0,43.0,8.0,9.0,39.0,45.0,12.0,32.0,62.0,8.0,27.0
48,P,2017000360750,9,02,11612,4,53,1011189,77.0,18.0,1.0,,6,2,2,2,2,2,,,2,,,,,,2,2,2,1,2,2,2,0.0,,,,2,5,,,,,,1,4,,,,,,,,,,2,1,2,1,3,0.0,0.0,02,0.0,1,,15,0.0,1,0.0,0.0,0.0,,2,,2,,2,087,032,,2,,,3,,,1,01,7770,,,,,,6,56173   ,1,,0,4210,,0.0,0.0,030,200.0,,,2,1,3,1,01,001,0,0,0,0,1,0,0,1,0,,,,,371012,,1,0,0,0,0,0,0,0,0,0,0,0,0,0,0,0,0,0,0,0,0,0,0,0,0,,0,0,0,,0,0,0,0,0,0,0,0,0,0,0,0,0,0,0,0,0,0,0,0,0,0,0,0,0,0,0,0,0,0,0,0,0,0,0,0,0,0,0,0,0,0,0,0,0,0,0,80.0,90.0,79.0,23.0,92.0,107.0,65.0,24.0,16.0,82.0,80.0,26.0,121.0,70.0,121.0,122.0,76.0,120.0,26.0,69.0,90.0,102.0,64.0,99.0,87.0,29.0,84.0,106.0,95.0,94.0,86.0,117.0,19.0,67.0,25.0,22.0,107.0,37.0,121.0,85.0,74.0,70.0,80.0,23.0,95.0,130.0,47.0,20.0,20.0,90.0,92.0,23.0,107.0,80.0,110.0,116.0,65.0,126.0,31.0,95.0,77.0,96.0,57.0,94.0,84.0,24.0,75.0,121.0,110.0,70.0,85.0,127.0,21.0,86.0,30.0,30.0,105.0,30.0,97.0,69.0
49,P,2017000551115,9,04,11614,4,53,1011189,34.0,18.0,1.0,,1,2,2,2,2,2,,,2,,,,,,2,2,2,2,2,2,2,0.0,,,,2,5,,,,,,3,4,,,,,,,,,,2,1,2,1,3,0.0,0.0,07,0.0,1,,14,0.0,1,0.0,0.0,600.0,40.0,1,6,2,,2,902,917,,2,,,3,,,2,01,8680,,,,11600,053,6,722Z    ,1,,0,5240,,600.0,600.0,053,418.0,,,2,2,2,9,68,030,1,0,1,0,2,0,0,0,0,,,,,434051,,1,0,0,0,0,0,0,0,0,0,0,0,0,0,0,0,0,0,0,0,0,0,0,0,0,,0,,0,,0,0,0,0,0,0,0,0,0,0,0,0,0,0,0,0,0,0,0,1,0,0,0,0,0,1,1,0,0,0,0,0,0,0,0,0,0,0,0,0,0,1,1,0,0,0,0,12.0,42.0,31.0,41.0,51.0,25.0,53.0,24.0,54.0,9.0,12.0,37.0,30.0,33.0,100.0,32.0,19.0,31.0,10.0,36.0,44.0,12.0,37.0,12.0,30.0,35.0,14.0,35.0,10.0,48.0,72.0,34.0,36.0,22.0,11.0,32.0,79.0,26.0,42.0,34.0,10.0,56.0,41.0,70.0,34.0,24.0,78.0,30.0,42.0,16.0,15.0,28.0,28.0,31.0,54.0,25.0,10.0,31.0,12.0,45.0,45.0,9.0,29.0,13.0,24.0,35.0,12.0,31.0,13.0,46.0,56.0,44.0,39.0,38.0,13.0,32.0,74.0,28.0,51.0,43.0
50,P,2017000468464,9,04,11612,4,53,1011189,22.0,16.0,1.0,,,2,2,2,2,2,,,2,,2,,,,2,2,2,1,2,2,2,0.0,,,,2,5,,,,,,3,,,,,,,,,,,2,5,2,2,3,0.0,0.0,07,0.0,1,,12,0.0,2,0.0,0.0,0.0,,3,,2,,2,210,183,,2,,7,6,,,1,02,,,,,11500,053,6,,1,7,0,,4,0.0,0.0,053,426.0,,,2,1,2,9,68,029,0,0,0,0,2,0,1,1,1,,,1,5,,,1,0,0,0,0,0,0,0,0,0,0,0,0,0,0,0,0,0,0,0,0,0,0,0,0,,0,0,0,,0,0,0,0,0,0,0,0,0,0,0,0,0,0,0,0,0,0,0,0,0,0,0,0,0,0,0,0,0,0,0,0,0,0,0,0,0,0,0,0,0,0,0,0,0,0,0,22.0,33.0,36.0,17.0,25.0,15.0,25.0,10.0,60.0,41.0,9.0,8.0,10.0,37.0,34.0,6.0,19.0,14.0,17.0,18.0,20.0,6.0,6.0,19.0,21.0,18.0,8.0,66.0,8.0,30.0,23.0,43.0,38.0,25.0,6.0,32.0,23.0,17.0,14.0,16.0,19.0,44.0,38.0,22.0,16.0,21.0,36.0,5.0,35.0,25.0,5.0,5.0,6.0,32.0,30.0,7.0,20.0,23.0,29.0,20.0,27.0,8.0,9.0,17.0,26.0,23.0,7.0,43.0,6.0,29.0,29.0,42.0,34.0,21.0,9.0,30.0,20.0,19.0,22.0,20.0
51,P,2017001208143,9,03,11612,4,53,1011189,16.0,17.0,1.0,,3,2,2,2,2,2,,,2,,,,,,1,2,2,2,2,2,2,0.0,,,,2,5,,,,,,1,4,,,,,,,,,,2,5,2,2,3,0.0,0.0,02,0.0,1,,13,0.0,1,0.0,0.0,1500.0,30.0,1,6,2,,2,051,032,,2,,1,6,,,1,01,8380,,,,,,6,6242    ,1,1,1,9620,,1500.0,1500.0,004,387.0,,,1,2,1,1,01,001,0,0,0,0,1,0,0,1,1,,,,,537062,,1,0,0,0,0,0,0,0,0,0,0,0,0,0,0,0,0,0,0,0,0,0,0,0,0,,0,,0,,0,0,0,0,0,1,0,0,0,0,0,0,0,0,0,0,0,0,0,0,0,0,0,1,1,0,1,0,0,0,0,0,0,1,0,0,0,0,0,1,1,0,0,0,0,0,0,16.0,27.0,17.0,16.0,16.0,5.0,16.0,16.0,25.0,6.0,22.0,28.0,19.0,18.0,6.0,7.0,33.0,13.0,13.0,29.0,19.0,5.0,20.0,16.0,18.0,25.0,15.0,15.0,5.0,41.0,4.0,6.0,14.0,17.0,22.0,22.0,7.0,18.0,15.0,5.0,14.0,21.0,31.0,17.0,14.0,4.0,14.0,17.0,35.0,6.0,24.0,26.0,18.0,16.0,5.0,4.0,29.0,22.0,19.0,29.0,14.0,5.0,16.0,15.0,15.0,27.0,22.0,19.0,5.0,24.0,5.0,5.0,17.0,16.0,28.0,25.0,5.0,16.0,13.0,4.0
52,P,2017000648807,9,02,11614,4,53,1011189,4.0,16.0,1.0,,3,2,2,2,2,2,,,2,,,,,,2,2,2,1,2,2,1,0.0,,,,2,5,,,,,,1,,,,,,,,,,,2,1,2,1,3,6900.0,0.0,02,0.0,1,,13,0.0,1,0.0,0.0,0.0,,2,,2,,1,215,999,,2,,8,3,,,1,02,9370,,,,,,6,9211MP  ,1,7,1,9620,,0.0,6900.0,053,88.0,,,2,1,1,9,68,017,1,0,0,0,2,0,0,1,1,,,,,537062,,1,0,0,0,0,0,0,0,0,0,0,0,0,0,0,0,0,0,0,0,0,0,0,0,0,,0,0,0,,0,0,0,0,0,0,0,0,0,0,0,0,0,0,0,0,0,0,0,0,0,0,0,0,0,0,0,0,0,0,0,0,0,0,0,0,0,0,0,0,0,0,0,0,0,0,0,2.0,6.0,8.0,4.0,6.0,1.0,4.0,7.0,6.0,4.0,5.0,6.0,3.0,3.0,2.0,3.0,6.0,1.0,3.0,1.0,1.0,4.0,5.0,4.0,9.0,1.0,3.0,8.0,8.0,4.0,4.0,4.0,4.0,4.0,1.0,5.0,5.0,1.0,5.0,2.0,2.0,5.0,6.0,5.0,7.0,1.0,3.0,7.0,5.0,3.0,7.0,4.0,5.0,5.0,1.0,4.0,6.0,1.0,5.0,2.0,1.0,3.0,10.0,5.0,7.0,1.0,3.0,5.0,9.0,4.0,4.0,5.0,4.0,4.0,1.0,4.0,7.0,1.0,8.0,1.0
53,P,2017001151675,9,02,11612,4,53,1011189,26.0,17.0,4.0,2010.0,,2,2,2,2,2,,,2,3,2,,,,2,2,2,2,2,2,2,0.0,,,,1,5,,,,,,3,4,,,,,,,,,,3,5,3,3,3,0.0,0.0,07,0.0,1,,14,0.0,2,0.0,0.0,0.0,,3,,,2013.0,1,750,999,8,2,,,6,,,2,01,,,,2575,11600,053,6,,2,,0,,4,0.0,0.0,217,50.0,,,2,2,2,6,49,008,0,1,0,0,1,0,0,0,1,,,,,,,4,1,0,0,1,0,1,1,1,1,1,1,0,0,1,0,1,1,0,0,0,0,1,1,1,,1,,1,,1,1,1,1,0,1,0,0,0,0,0,0,1,0,0,0,0,0,1,0,0,1,0,1,1,1,1,0,0,1,1,1,1,1,0,1,0,1,0,1,1,1,0,1,0,0,1,26.0,31.0,38.0,11.0,32.0,42.0,30.0,40.0,11.0,7.0,37.0,28.0,21.0,20.0,49.0,37.0,24.0,27.0,8.0,9.0,24.0,30.0,51.0,8.0,32.0,46.0,23.0,35.0,8.0,8.0,30.0,21.0,28.0,20.0,36.0,28.0,25.0,31.0,9.0,40.0,22.0,24.0,8.0,34.0,10.0,7.0,38.0,25.0,41.0,45.0,11.0,24.0,22.0,30.0,6.0,24.0,31.0,23.0,58.0,31.0,31.0,22.0,10.0,38.0,16.0,8.0,24.0,19.0,36.0,45.0,8.0,34.0,31.0,37.0,6.0,20.0,24.0,23.0,49.0,9.0
54,P,2017001063337,9,03,11611,4,53,1011189,12.0,16.0,1.0,,,2,2,2,2,2,,,2,,,,,,2,2,2,2,2,2,2,0.0,,,,2,5,,,,,,1,,,,,,,,,,,2,5,2,2,2,0.0,0.0,15,0.0,1,,01,0.0,1,0.0,0.0,0.0,,3,,2,,4,999,999,,2,,,6,,,2,01,,,,,,,6,,1,,0,,,0.0,0.0,053,0.0,,,2,2,1,1,01,001,0,0,0,0,1,0,0,1,0,,,,,,,1,1,0,0,0,0,0,0,0,0,0,0,0,0,0,0,1,0,0,0,0,0,0,0,0,,0,,0,,0,0,0,0,0,0,0,0,0,0,0,0,0,0,0,0,0,0,1,0,0,0,0,0,0,0,0,1,0,0,0,0,1,0,0,0,0,0,0,0,0,0,0,0,0,0,0,13.0,13.0,16.0,9.0,3.0,10.0,4.0,4.0,22.0,12.0,20.0,15.0,14.0,19.0,9.0,19.0,4.0,3.0,16.0,14.0,11.0,12.0,3.0,12.0,22.0,9.0,16.0,21.0,3.0,12.0,4.0,14.0,12.0,5.0,10.0,2.0,21.0,16.0,12.0,11.0,11.0,12.0,22.0,10.0,3.0,9.0,3.0,4.0,18.0,10.0,23.0,10.0,13.0,18.0,10.0,22.0,3.0,4.0,12.0,15.0,10.0,15.0,4.0,13.0,23.0,10.0,17.0,21.0,3.0,12.0,3.0,12.0,10.0,4.0,11.0,4.0,21.0,21.0,11.0,11.0
55,P,2017001295574,9,03,11611,4,53,1011189,18.0,17.0,1.0,,1,2,2,2,2,2,,,2,,,,,,1,2,2,2,2,2,2,0.0,,,,2,5,,,,,,1,4,,,,,,,,,,2,1,2,1,3,0.0,0.0,02,0.0,1,,14,0.0,1,0.0,0.0,5000.0,20.0,1,5,2,,2,142,032,,2,,1,3,,,1,01,8880,,,,,,6,8114    ,1,1,1,7610,,5000.0,5000.0,053,434.0,,,1,2,2,1,01,001,0,0,0,0,1,0,0,1,1,,,,,499098,,1,0,0,0,0,0,0,0,0,0,0,0,0,0,0,0,0,0,0,0,0,0,0,0,0,,0,,0,,0,0,0,0,0,0,0,0,0,0,0,0,0,0,0,0,0,0,0,0,0,0,0,0,0,0,0,0,0,0,0,0,0,0,0,0,0,0,0,0,0,0,0,0,0,0,0,21.0,33.0,24.0,17.0,18.0,16.0,19.0,19.0,6.0,19.0,30.0,8.0,21.0,4.0,14.0,29.0,18.0,30.0,7.0,6.0,19.0,35.0,28.0,21.0,19.0,15.0,15.0,18.0,5.0,18.0,31.0,6.0,18.0,6.0,15.0,26.0,17.0,26.0,6.0,29.0,19.0,7.0,5.0,20.0,20.0,16.0,14.0,19.0,30.0,15.0,6.0,30.0,23.0,27.0,16.0,7.0,15.0,6.0,29.0,36.0,17.0,6.0,7.0,21.0,20.0,17.0,13.0,17.0,28.0,19.0,5.0,34.0,15.0,32.0,16.0,6.0,16.0,6.0,29.0,5.0
56,P,2017001518359,9,01,11613,4,53,1011189,20.0,18.0,1.0,,1,2,2,2,2,2,,,1,,,,,,2,2,2,1,2,2,1,0.0,,,,2,1,2,2,1,2,2016.0,3,4,,,,,,,,,,3,5,3,3,3,0.0,0.0,16,0.0,1,,11,0.0,1,0.0,0.0,0.0,,2,,,,2,920,720,,1,,,6,,,1,01,8680,,,,11600,053,2,722Z    ,1,,,0160,,0.0,0.0,053,,,,2,1,2,4,31,003,1,0,0,0,1,0,0,0,,,,,,113071,,1,0,0,0,0,0,0,0,0,0,0,0,0,0,0,0,0,0,0,0,0,0,0,0,0,,0,0,0,,0,0,0,0,0,0,0,0,0,0,0,0,0,0,0,0,0,0,0,0,0,0,0,0,0,0,0,0,0,0,0,0,0,0,0,0,0,0,0,0,0,0,0,0,0,0,0,19.0,23.0,37.0,34.0,3.0,4.0,41.0,22.0,3.0,39.0,38.0,20.0,20.0,3.0,21.0,20.0,21.0,21.0,3.0,20.0,20.0,20.0,3.0,4.0,36.0,36.0,3.0,21.0,36.0,3.0,3.0,21.0,20.0,38.0,20.0,19.0,21.0,20.0,36.0,20.0,19.0,20.0,36.0,36.0,3.0,3.0,37.0,21.0,3.0,37.0,34.0,20.0,21.0,3.0,21.0,20.0,21.0,22.0,3.0,20.0,21.0,20.0,3.0,3.0,37.0,38.0,3.0,20.0,38.0,4.0,3.0,21.0,21.0,38.0,20.0,20.0,21.0,19.0,37.0,21.0
57,P,2017001386502,9,01,11613,4,53,1011189,17.0,18.0,1.0,,1,2,2,2,2,2,,,1,,,,,,2,2,2,1,2,2,1,0.0,,,,2,1,2,2,1,2,2016.0,3,4,,,,,,,,,,3,5,3,3,3,0.0,0.0,16,0.0,1,,11,0.0,1,0.0,0.0,0.0,,2,,,,2,920,720,,1,,,6,,,1,01,8680,,,,11600,053,2,722Z    ,1,,,0160,,0.0,0.0,053,,,,2,1,2,4,31,003,1,0,0,0,1,0,0,0,,,,,,113071,,1,0,0,0,0,0,0,0,0,0,0,0,0,0,0,0,0,0,0,0,0,0,0,0,0,,0,0,0,,0,0,0,0,0,0,0,0,0,0,0,0,0,0,0,0,0,0,0,0,0,0,0,0,0,0,0,0,0,0,0,0,0,0,0,0,0,0,0,0,0,0,0,0,0,0,0,16.0,18.0,17.0,3.0,17.0,17.0,35.0,32.0,2.0,3.0,31.0,17.0,2.0,31.0,32.0,17.0,17.0,3.0,16.0,16.0,18.0,16.0,17.0,33.0,16.0,16.0,3.0,3.0,30.0,30.0,3.0,18.0,31.0,2.0,2.0,16.0,17.0,31.0,17.0,17.0,16.0,18.0,16.0,3.0,17.0,16.0,32.0,32.0,3.0,3.0,29.0,17.0,3.0,32.0,32.0,17.0,17.0,2.0,17.0,16.0,17.0,16.0,17.0,32.0,16.0,18.0,3.0,2.0,31.0,33.0,2.0,18.0,32.0,3.0,3.0,18.0,18.0,29.0,16.0,17.0
58,P,2013000058010,9,02,11614,4,53,1061971,45.0,17.0,1.0,,,2,2,2,2,2,,,2,,2,,,,2,2,2,1,2,2,2,0.0,,,,2,5,,,,,,1,4,,,,,,,,,,2,5,2,2,3,0.0,0.0,02,0.0,1,,13,0.0,2,0.0,0.0,0.0,,3,,2,,1,917,999,,2,,8,6,,,1,01,,,,,,,6,,1,7,1,,4,0.0,0.0,053,179.0,,,2,1,1,5,37,003,1,0,0,0,1,0,0,0,1,,,,,,,1,0,0,0,0,0,0,0,0,0,0,0,0,0,0,0,0,0,0,0,0,0,0,0,0,,0,1,0,,0,0,0,0,0,0,0,0,0,0,0,0,0,0,0,0,0,0,0,0,0,0,0,0,0,0,0,0,0,0,0,0,0,0,0,0,0,0,0,0,0,0,0,0,0,0,0,56.0,34.0,19.0,62.0,38.0,58.0,40.0,66.0,70.0,36.0,39.0,21.0,21.0,54.0,27.0,37.0,46.0,37.0,20.0,41.0,31.0,19.0,12.0,41.0,42.0,38.0,51.0,49.0,49.0,61.0,65.0,24.0,13.0,39.0,49.0,28.0,76.0,71.0,21.0,62.0,42.0,56.0,55.0,17.0,60.0,17.0,52.0,30.0,14.0,43.0,22.0,62.0,72.0,33.0,46.0,40.0,24.0,41.0,36.0,42.0,50.0,53.0,35.0,19.0,48.0,23.0,40.0,60.0,17.0,42.0,20.0,56.0,51.0,39.0,40.0,52.0,17.0,48.0,51.0,54.0
59,P,2013000100470,9,04,11613,4,53,1061971,16.0,18.0,1.0,,6,2,2,2,2,2,,,2,1,1,,,,2,2,2,2,2,2,2,0.0,,,,1,5,,,,,,1,4,,,,,,,,,,3,5,3,3,3,0.0,0.0,02,0.0,1,,13,0.0,2,0.0,0.0,0.0,,2,,,,4,999,999,,2,,,3,,,2,02,8560,,,1200,,,6,711     ,1,,0,4900,4,0.0,0.0,006,221.0,,,2,2,2,1,01,001,0,0,0,0,1,0,0,1,0,,,,,419010,,1,0,0,1,0,1,1,1,1,1,1,1,0,0,1,1,1,1,0,0,0,0,1,1,1,,1,,1,,1,1,1,0,1,1,0,0,0,0,1,1,1,0,0,0,0,0,1,0,0,1,1,1,1,1,1,1,0,1,1,0,0,1,0,1,1,1,0,1,1,1,0,1,0,0,0,14.0,16.0,27.0,5.0,26.0,25.0,3.0,4.0,6.0,17.0,22.0,4.0,12.0,22.0,12.0,15.0,32.0,32.0,19.0,14.0,17.0,15.0,5.0,32.0,4.0,17.0,28.0,20.0,34.0,13.0,5.0,30.0,11.0,16.0,12.0,13.0,4.0,6.0,21.0,17.0,18.0,19.0,4.0,20.0,6.0,16.0,21.0,19.0,31.0,20.0,3.0,24.0,15.0,16.0,24.0,15.0,7.0,5.0,21.0,21.0,18.0,12.0,30.0,6.0,17.0,14.0,5.0,6.0,4.0,17.0,23.0,3.0,16.0,17.0,11.0,12.0,32.0,29.0,20.0,11.0
